cohort_year,org,repo,ai_window_commits,ai_coauthor_commits,ai_coauthor_claude,ai_coauthor_copilot,ai_coauthor_cursor,ai_coauthor_other,ai_agent_commits,ai_branches,ai_explicit_commits,ai_config_files,ai_reviews,ai_traced_commits,ai_traced_pct,ai_any_signal,ai_llm_feature_commits
2023,COSC-499-W2023,year-long-project-team-1,2304,0,0,0,0,0,0,0,0,,0,0,0.0,False,0
2023,COSC-499-W2023,year-long-project-team-2,997,0,0,0,0,0,0,0,0,,0,0,0.0,False,0
2023,COSC-499-W2023,year-long-project-team-3,2082,0,0,0,0,0,0,0,0,,0,0,0.0,False,0
2023,COSC-499-W2023,year-long-project-team-4,794,0,0,0,0,0,0,0,0,,0,0,0.0,False,0
2023,COSC-499-W2023,year-long-project-team-5,1037,0,0,0,0,0,0,0,0,,0,0,0.0,False,0
2023,COSC-499-W2023,year-long-project-team-6,657,0,0,0,0,0,0,0,0,,0,0,0.0,False,0
2023,COSC-499-W2023,year-long-project-team-7,946,0,0,0,0,0,0,0,0,,0,0,0.0,False,4
2023,COSC-499-W2023,year-long-project-team-8,1056,0,0,0,0,0,0,0,0,,0,0,0.0,False,0
2023,COSC-499-W2023,year-long-project-team-9,2101,0,0,0,0,0,0,0,0,,0,0,0.0,False,0
2023,COSC-499-W2023,year-long-project-team-10,750,0,0,0,0,0,0,0,0,,0,0,0.0,False,0
2023,COSC-499-W2023,year-long-project-team-11,528,0,0,0,0,0,0,0,0,,0,0,0.0,False,8
2023,COSC-499-W2023,year-long-project-team-12,649,0,0,0,0,0,0,0,0,,0,0,0.0,False,0
2023,COSC-499-W2023,year-long-project-team-13,1421,0,0,0,0,0,0,0,0,,0,0,0.0,False,0
2023,COSC-499-W2023,year-long-project-team-14,1366,0,0,0,0,0,0,0,0,,0,0,0.0,False,0
2023,COSC-499-W2023,year-long-project-team-15,369,0,0,0,0,0,0,0,0,,0,0,0.0,False,0
2023,COSC-499-W2023,year-long-project-team-16,728,0,0,0,0,0,0,0,0,,0,0,0.0,False,0
2023,COSC-499-W2023,year-long-project-team-17,480,0,0,0,0,0,0,0,0,,0,0,0.0,False,1
2023,COSC-499-W2023,year-long-project-team-18,525,0,0,0,0,0,0,0,0,,0,0,0.0,False,0
2023,COSC-499-W2023,year-long-project-team-19,697,0,0,0,0,0,0,0,0,,0,0,0.0,False,0
2023,COSC-499-W2023,year-long-project-team-20,462,0,0,0,0,0,0,0,0,,0,0,0.0,False,0
2023,COSC-499-W2023,year-long-project-team-21,1149,0,0,0,0,0,0,0,0,,0,0,0.0,False,0
2023,COSC-499-W2023,year-long-project-team-22,523,0,0,0,0,0,0,0,0,,0,0,0.0,False,0
2024,COSC-499-W2024,capstone-project-team-1-003,1058,0,0,0,0,0,0,0,0,,1,0,0.0,True,3
2024,COSC-499-W2024,capstone-project-team-04-003,1001,0,0,0,0,0,0,0,0,,0,0,0.0,False,0
2024,COSC-499-W2024,capstone-project-team-10-002,1446,0,0,0,0,0,0,0,0,,0,0,0.0,False,0
2024,COSC-499-W2024,capstone-project-team-11-003,1025,0,0,0,0,0,0,0,0,,0,0,0.0,False,0
2024,COSC-499-W2024,capstone-project-team-12-003,457,0,0,0,0,0,0,0,0,,0,0,0.0,False,0
2024,COSC-499-W2024,capstone-project-team-2-002,1640,0,0,0,0,0,0,0,0,,0,0,0.0,False,1
2024,COSC-499-W2024,capstone-project-team-2-003-1,648,0,0,0,0,0,0,0,0,,0,0,0.0,False,5
2024,COSC-499-W2024,capstone-project-team-3-002,796,0,0,0,0,0,0,0,0,,0,0,0.0,False,3
2024,COSC-499-W2024,capstone-project-team-3-003,1658,0,0,0,0,0,0,0,0,,0,0,0.0,False,12
2024,COSC-499-W2024,capstone-project-team-4-002,859,0,0,0,0,0,0,0,0,,0,0,0.0,False,1
2024,COSC-499-W2024,capstone-project-team-5-002,885,0,0,0,0,0,0,0,0,,0,0,0.0,False,0
2024,COSC-499-W2024,capstone-project-team-5-003,992,0,0,0,0,0,0,0,0,,0,0,0.0,False,0
2024,COSC-499-W2024,capstone-project-team-6-003,1250,0,0,0,0,0,0,0,0,,0,0,0.0,False,0
2024,COSC-499-W2024,capstone-project-team-7-1,2035,0,0,0,0,0,0,0,0,,0,0,0.0,False,19
2024,COSC-499-W2024,capstone-project-team-8-002,315,0,0,0,0,0,0,0,0,,0,0,0.0,False,0
2024,COSC-499-W2024,capstone-project-team10-003,633,0,0,0,0,0,0,0,0,,0,0,0.0,False,0
2024,COSC-499-W2024,capstone-project-team_6_section_002,1000,0,0,0,0,0,0,0,0,,0,0,0.0,False,0
2024,COSC-499-W2024,capstone-project-team_7_003,921,0,0,0,0,0,0,0,0,,0,0,0.0,False,9
2024,COSC-499-W2024,capstone-project-team-13-youry-1-003,927,0,0,0,0,0,0,0,0,,0,0,0.0,False,0
2024,COSC-499-W2024,capstone-project-team-15-003-,381,0,0,0,0,0,0,0,0,,0,0,0.0,False,0
2024,COSC-499-W2024,capstone-project-best-looking-project-team-9-002,1328,0,0,0,0,0,0,0,0,,0,0,0.0,False,0
2024,COSC-499-W2024,capstone-project-fellas2-002-team-1,1304,0,0,0,0,0,0,0,0,,1,0,0.0,True,17
2024,COSC-499-W2024,capstone-project-group-11-002,564,0,0,0,0,0,0,0,0,,0,0,0.0,False,0
2024,COSC-499-W2024,capstone-project-shingetsu-team-8-003,1270,0,0,0,0,0,0,0,0,,0,0,0.0,False,0
2024,COSC-499-W2024,capstone-project-team-9-Order-Of-Aesthetics,915,0,0,0,0,0,0,0,0,,0,0,0.0,False,0
2024,COSC-499-W2024,Capstone-Team16-003,601,0,0,0,0,0,0,0,0,,0,0,0.0,False,5
2025,COSC-499-W2025,capstone-project-team-1,2203,4,0,4,0,0,2,6,0,,5,6,0.2724,True,181
2025,COSC-499-W2025,capstone-project-team-2,2321,7,7,0,0,0,0,0,0,,0,7,0.3016,True,13
2025,COSC-499-W2025,capstone-project-team-3,2863,1,0,0,1,0,7,4,0,,0,8,0.2794,True,14
2025,COSC-499-W2025,capstone-project-team-4,1148,4,0,4,0,0,1,0,0,,5,5,0.4355,True,2
2025,COSC-499-W2025,capstone-project-team-5,1289,0,0,0,0,0,2,0,0,AGENTS.md,0,2,0.1552,True,21
2025,COSC-499-W2025,capstone-project-team-6,1708,1,1,0,0,0,0,0,1,,0,1,0.0585,True,24
2025,COSC-499-W2025,capstone-project-team-7,1986,6,6,0,0,0,3,2,0,,0,9,0.4532,True,20
2025,COSC-499-W2025,capstone-project-team-8,1364,0,0,0,0,0,3,3,0,,0,3,0.2199,True,18
2025,COSC-499-W2025,capstone-project-team-9,1559,0,0,0,0,0,0,0,0,,0,0,0.0,False,16
2025,COSC-499-W2025,capstone-project-team-10,897,0,0,0,0,0,0,0,0,,0,0,0.0,False,0
2025,COSC-499-W2025,capstone-project-team-11,968,1,0,1,0,0,0,0,0,,1,1,0.1033,True,13
2025,COSC-499-W2025,capstone-project-team-12,1663,0,0,0,0,0,0,1,0,,0,0,0.0,True,15
2025,COSC-499-W2025,capstone-project-team-13,1327,3,3,0,0,0,0,0,0,,0,3,0.2261,True,0
2025,COSC-499-W2025,capstone-project-team-14,937,0,0,0,0,0,0,0,0,,0,0,0.0,False,10
2025,COSC-499-W2025,capstone-project-team-15,850,0,0,0,0,0,0,0,0,,0,0,0.0,False,7
2025,COSC-499-W2025,capstone-project-team-16,509,0,0,0,0,0,0,0,0,,0,0,0.0,False,0
2025,COSC-499-W2025,capstone-project-team-17-1,1230,6,6,0,0,0,0,0,0,,0,6,0.4878,True,2
2025,COSC-499-W2025,capstone-project-team-18,2010,0,0,0,0,0,0,0,0,,0,0,0.0,False,3
2025,COSC-499-W2025,capstone-project-team-19,2390,0,0,0,0,0,0,0,0,,0,0,0.0,False,24
2025,COSC-499-W2025,capstone-project-team-20,1796,1,1,0,0,0,1,1,0,,0,2,0.1114,True,0
