cohort_year,org,repo,commit_sha,python_file_count,py_excluded_files,py_cc_blocks,py_cc_avg,py_cc_max,py_mi_avg,py_sloc,py_comments,py_comment_pct,py_pylint_score,py_pylint_score_excl_fatal,py_pylint_fatal_files,py_bandit_high,py_bandit_medium,py_bandit_low,py_parse_errors,py_notes
2023,COSC-499-W2023,year-long-project-team-1,fa5080c7cb44f981330cb9afc022c70d95fd9de8,13,0,119.0,2.7731,18.0,72.8225,938.0,340.0,36.2473,4.82,4.82,0.0,1.0,5.0,74.0,0.0,
2023,COSC-499-W2023,year-long-project-team-2,d5e74bfc090a638c2c8e0e8f34a3f8d03fa9fe81,0,0,,,,,,,,,,,,,,,no tracked Python files
2023,COSC-499-W2023,year-long-project-team-3,90ef366da13bda98a11fdd7d7433ea8ff25d21e9,1,0,5.0,2.0,3.0,81.4504,63.0,11.0,17.4603,6.17,6.17,0.0,0.0,0.0,0.0,0.0,
2023,COSC-499-W2023,year-long-project-team-4,06ed5d07cb18c6a7870df78cfd07371b0af36152,22,0,128.0,4.3047,28.0,67.453,2458.0,331.0,13.4662,5.1,5.1,0.0,9.0,20.0,213.0,0.0,
2023,COSC-499-W2023,year-long-project-team-5,b31d512b46c737d10ada0029f9eceb5bda29edc0,0,0,,,,,,,,,,,,,,,no tracked Python files
2023,COSC-499-W2023,year-long-project-team-6,85acece8fa95bf7323a0480c02535b0149f672f3,2,0,4.0,4.5,7.0,75.7407,117.0,27.0,23.0769,6.85,6.85,0.0,0.0,4.0,0.0,0.0,
2023,COSC-499-W2023,year-long-project-team-7,ba7bbb2b8d1fbead2e70b2579f6dc66bb90798ba,60,0,189.0,2.5661,42.0,90.8781,4061.0,215.0,5.2943,6.58,6.58,0.0,1.0,2.0,20.0,0.0,
2023,COSC-499-W2023,year-long-project-team-8,b6e194eabf4dea90d67301853e21058674123da7,88,0,164.0,1.7317,6.0,96.2835,1776.0,223.0,12.5563,3.22,3.22,0.0,0.0,9.0,29.0,0.0,
2023,COSC-499-W2023,year-long-project-team-9,baa321ed6e2bf497cfb8edf1bec516a6e56577e4,1,0,14.0,2.7857,7.0,44.796,303.0,24.0,7.9208,7.89,7.89,0.0,0.0,7.0,2.0,0.0,
2023,COSC-499-W2023,year-long-project-team-10,bc2628321b22f89af090876a25d7f978f8ec6f85,0,0,,,,,,,,,,,,,,,no tracked Python files
2023,COSC-499-W2023,year-long-project-team-11,8348bac4c81b5562c61a1f3095e26dde1697744f,26,0,69.0,3.058,26.0,90.9199,1266.0,140.0,11.0585,5.4,5.4,0.0,0.0,2.0,9.0,0.0,
2023,COSC-499-W2023,year-long-project-team-12,395810ffffcc26e2d77a676415086291e52bee81,0,0,,,,,,,,,,,,,,,no tracked Python files
2023,COSC-499-W2023,year-long-project-team-13,a1c398906b52d8a461ae97b10ea496d53bfbdabd,46,2079,185.0,2.1622,10.0,84.9728,3356.0,780.0,23.242,6.57,6.57,0.0,0.0,1.0,18.0,0.0,2079 vendored .py file(s) excluded
2023,COSC-499-W2023,year-long-project-team-14,cecc5dd43822cf28bcee1bda2ae37404d2fba6fe,0,0,,,,,,,,,,,,,,,no tracked Python files
2023,COSC-499-W2023,year-long-project-team-15,ca01efde823b6353604921034c514d1bc63c17db,0,0,,,,,,,,,,,,,,,no tracked Python files
2023,COSC-499-W2023,year-long-project-team-16,5729eb36e81c0c1031557dfd4b86419576d82098,6,0,93.0,3.0753,28.0,69.0787,1552.0,316.0,20.3608,5.79,5.79,0.0,1.0,0.0,51.0,0.0,
2023,COSC-499-W2023,year-long-project-team-17,ad836684ef505bc15705fccd550d590792efc5a3,46,2120,223.0,2.1031,21.0,92.108,2916.0,556.0,19.0672,4.01,4.01,0.0,0.0,1.0,39.0,0.0,2120 vendored .py file(s) excluded
2023,COSC-499-W2023,year-long-project-team-18,82fa5c6b552b6a1d70fab749ca3338ae623c0645,9,0,14.0,3.1429,7.0,85.5966,423.0,86.0,20.331,5.86,5.86,0.0,0.0,6.0,5.0,0.0,
2023,COSC-499-W2023,year-long-project-team-19,4c988e18635735a086dbe390071caf77becc7835,0,0,,,,,,,,,,,,,,,no tracked Python files
2023,COSC-499-W2023,year-long-project-team-20,834d931f804a0e387e2978bba43e4d3e22063d7d,1,0,1.0,13.0,13.0,66.4649,105.0,10.0,9.5238,2.62,2.62,0.0,0.0,0.0,0.0,0.0,
2023,COSC-499-W2023,year-long-project-team-21,a433a2dd933f1b1c5c9253e0af1d98594d8dd501,61,0,197.0,1.9492,9.0,91.589,2581.0,444.0,17.2026,7.05,7.05,0.0,0.0,0.0,58.0,0.0,
2023,COSC-499-W2023,year-long-project-team-22,3c09911ad3ee94aafa7ddee91d807df2455ae5c5,2,0,4.0,4.5,7.0,76.6869,112.0,27.0,24.1071,6.89,6.89,0.0,0.0,4.0,0.0,0.0,
2024,COSC-499-W2024,capstone-project-team-1-003,7d0b0d9ec46756f02ef885dde3eb912ee9b2c81a,11,0,69.0,4.0435,18.0,68.256,1267.0,179.0,14.1279,5.18,5.18,0.0,0.0,3.0,14.0,0.0,
2024,COSC-499-W2024,capstone-project-team-04-003,1ed7bdf803087c69e47c85fd87758ab12f87bd05,0,0,,,,,,,,,,,,,,,no tracked Python files
2024,COSC-499-W2024,capstone-project-team-10-002,2bc77f83dcb30b2385603adc04148b16ceacd4df,0,0,,,,,,,,,,,,,,,no tracked Python files
2024,COSC-499-W2024,capstone-project-team-11-003,e2728bc2f21fd6edf15b2e430229093600aed2aa,0,0,,,,,,,,,,,,,,,no tracked Python files
2024,COSC-499-W2024,capstone-project-team-12-003,fa0ada75e118044031920d5ad872d647a91ecca3,16,100,58.0,1.8966,8.0,77.2584,785.0,144.0,18.3439,6.32,6.32,0.0,0.0,7.0,7.0,0.0,100 vendored .py file(s) excluded
2024,COSC-499-W2024,capstone-project-team-2-002,9e62a1023c86501a6a233fc574337843779b1eef,67,0,378.0,3.5582,23.0,70.1703,5665.0,1046.0,18.4643,5.79,5.79,0.0,0.0,2.0,323.0,0.0,
2024,COSC-499-W2024,capstone-project-team-2-003-1,93dd67bd92ddd7b31112852adeb261c15879c116,0,0,,,,,,,,,,,,,,,no tracked Python files
2024,COSC-499-W2024,capstone-project-team-3-002,28889e5e1af2bc84216a0fc8b4f770523079e2c5,0,0,,,,,,,,,,,,,,,no tracked Python files
2024,COSC-499-W2024,capstone-project-team-3-003,df83f8ce13ae6a305a91c8380190744c1c863284,0,0,,,,,,,,,,,,,,,no tracked Python files
2024,COSC-499-W2024,capstone-project-team-4-002,b20a5766e5245a0777eb615582015404dcc88eac,29,0,156.0,2.2756,32.0,79.3667,2112.0,505.0,23.911,7.09,7.09,0.0,0.0,3.0,33.0,0.0,
2024,COSC-499-W2024,capstone-project-team-5-002,29e4b44d36bb0068990217dba39e2dbdee9508f7,35,0,331.0,3.1692,65.0,64.9472,5886.0,1119.0,19.0112,4.89,4.89,0.0,0.0,2.0,83.0,0.0,
2024,COSC-499-W2024,capstone-project-team-5-003,6ee182a67e76e25c0066d7bccc8ba0638c7c57e3,7,0,15.0,5.9333,22.0,66.8536,603.0,92.0,15.257,6.44,6.44,0.0,0.0,2.0,4.0,0.0,
2024,COSC-499-W2024,capstone-project-team-6-003,390cfaf2f11707453467f54e18799a7cb21986f0,0,0,,,,,,,,,,,,,,,no tracked Python files
2024,COSC-499-W2024,capstone-project-team-7-1,02b8f9ea1bd0c404572bc0e15293263589af9d6a,5,0,35.0,1.6,4.0,73.9842,415.0,126.0,30.3614,6.6,6.6,0.0,0.0,0.0,25.0,0.0,
2024,COSC-499-W2024,capstone-project-team-8-002,1f92ec9343cf3aa0591796167fdd9d5553962cbb,28,0,155.0,2.0452,26.0,67.6324,1501.0,207.0,13.7908,6.18,6.18,0.0,0.0,0.0,28.0,0.0,
2024,COSC-499-W2024,capstone-project-team10-003,a0c10bad782b894f7e07e04301be4196e871a2fc,0,0,,,,,,,,,,,,,,,no tracked Python files
2024,COSC-499-W2024,capstone-project-team_6_section_002,a8599823a28f9bcb94fce002ecf5ee68d9c32612,59,0,255.0,1.898,16.0,73.6253,3677.0,187.0,5.0857,7.42,7.42,0.0,0.0,0.0,29.0,0.0,
2024,COSC-499-W2024,capstone-project-team_7_003,d6696413fc6a28679e38e95fbac318a8dd55c816,0,0,,,,,,,,,,,,,,,no tracked Python files
2024,COSC-499-W2024,capstone-project-team-13-youry-1-003,c7574238609e910bdf27e20180bf3ab638f7c249,0,0,,,,,,,,,,,,,,,no tracked Python files
2024,COSC-499-W2024,capstone-project-team-15-003-,6d6a1de6456c3569636b98098b2d5a8a9277fe5b,0,0,,,,,,,,,,,,,,,no tracked Python files
2024,COSC-499-W2024,capstone-project-best-looking-project-team-9-002,d99dd187956fa1ec94945fd192e70220f42411e4,10,0,19.0,1.6316,4.0,87.3616,359.0,72.0,20.0557,6.73,6.73,0.0,0.0,0.0,0.0,0.0,
2024,COSC-499-W2024,capstone-project-fellas2-002-team-1,ab8aff93fd9c0928a11b9d2fdf39df391807beea,0,0,,,,,,,,,,,,,,,no tracked Python files
2024,COSC-499-W2024,capstone-project-group-11-002,697003c9e56b3025b72b01b8c53bd8757b5b2b28,51,0,303.0,3.6832,22.0,71.1777,6161.0,633.0,10.2743,6.0,6.0,0.0,0.0,0.0,471.0,0.0,
2024,COSC-499-W2024,capstone-project-shingetsu-team-8-003,283fa94d7c991b012a87dfa2bf376d6525d262a9,49,0,210.0,3.9762,32.0,76.7433,4229.0,660.0,15.6065,6.68,6.68,0.0,1.0,9.0,160.0,0.0,
2024,COSC-499-W2024,capstone-project-team-9-Order-Of-Aesthetics,dfda5644aa460b7f0a9305672646497a7fdbf43a,86,0,329.0,2.0152,12.0,77.4182,3795.0,1088.0,28.6693,5.28,5.28,0.0,7.0,24.0,76.0,0.0,
2024,COSC-499-W2024,Capstone-Team16-003,c63f777511bafce82b3dee4c674b260cb410061b,0,0,,,,,,,,,,,,,,,no tracked Python files
2025,COSC-499-W2025,capstone-project-team-1,c1f6d7fe510300cf2f24cff50a95367b9264c32f,215,0,1455.0,3.7849,70.0,63.6955,23702.0,1245.0,5.2527,8.35,8.35,0.0,0.0,39.0,1975.0,0.0,
2025,COSC-499-W2025,capstone-project-team-2,91400188e01713ae81b582d2506f39dc13371fb7,121,0,1355.0,3.2266,79.0,63.122,18640.0,1152.0,6.1803,8.15,8.15,0.0,0.0,20.0,415.0,0.0,
2025,COSC-499-W2025,capstone-project-team-3,22b9f56662d5af71c4aba97c659de4cd080b16e1,147,0,1617.0,4.6011,94.0,56.7362,29493.0,2535.0,8.5953,6.95,6.95,0.0,0.0,122.0,2392.0,0.0,
2025,COSC-499-W2025,capstone-project-team-4,775f414e0cf419e9bd076652758dcd1c192d364f,158,0,1333.0,4.0338,101.0,67.8948,23974.0,1604.0,6.6906,8.89,8.89,0.0,0.0,42.0,835.0,0.0,
2025,COSC-499-W2025,capstone-project-team-5,c17085e474f4b46f2eb6a5273e3eea1b1719b840,185,0,1798.0,4.2169,53.0,58.5724,31067.0,1782.0,5.736,9.0,9.0,0.0,0.0,1.0,2370.0,0.0,
2025,COSC-499-W2025,capstone-project-team-6,ab282000d68de5e15ff04179b69f358b5f9f60df,124,0,2017.0,4.9033,173.0,47.0226,36223.0,2990.0,8.2544,0.0,8.37,1.0,0.0,29.0,2758.0,0.0,pylint fatal in 1 file(s): demo_project/inefficient.py
2025,COSC-499-W2025,capstone-project-team-7,285ac72497e483e8bb508805fc4840e82e509410,179,0,3007.0,4.5584,77.0,47.1682,50288.0,3542.0,7.0434,7.11,7.11,0.0,3.0,14.0,2930.0,0.0,
2025,COSC-499-W2025,capstone-project-team-8,32b9bbc7d76eec7d5a21b1d016f05a9ac262f5e5,185,0,1492.0,3.6602,152.0,73.1543,23239.0,2900.0,12.479,5.19,5.19,0.0,1.0,1.0,407.0,0.0,
2025,COSC-499-W2025,capstone-project-team-9,5d47a8ffc8e90659e0fbceb637d9b2cb07a32de3,190,0,1872.0,4.211,65.0,60.986,27749.0,2246.0,8.094,6.73,6.73,0.0,0.0,17.0,2215.0,0.0,
2025,COSC-499-W2025,capstone-project-team-10,a3cd949246d1bf1af382eab84e57acaac6123077,99,0,841.0,3.8145,53.0,60.8098,12807.0,1083.0,8.4563,7.9,7.9,0.0,0.0,22.0,743.0,0.0,
2025,COSC-499-W2025,capstone-project-team-11,33b89cc9dab9d269e1b301a9c28c87efd5a494a4,65,0,752.0,4.8418,108.0,56.7592,17280.0,1532.0,8.8657,8.09,8.09,0.0,0.0,44.0,232.0,0.0,
2025,COSC-499-W2025,capstone-project-team-12,a0e99146da7c199f324669a79bacb8d253fe6db5,80,0,1061.0,3.869,54.0,53.6358,13495.0,1373.0,10.1741,5.67,5.67,0.0,3.0,8.0,1312.0,0.0,
2025,COSC-499-W2025,capstone-project-team-13,13a169e0420d87f3841a7097a7cf441e45f99502,173,0,2080.0,3.6332,65.0,60.5591,28464.0,2920.0,10.2586,6.9,6.9,0.0,3.0,6.0,1180.0,1.0,bandit skipped 1 file(s); radon could not parse 1 file(s)
2025,COSC-499-W2025,capstone-project-team-14,d69f6eced6beb074f97008befb69856bb5b508a2,164,0,1900.0,4.8621,91.0,55.901,32288.0,1877.0,5.8133,7.04,7.04,0.0,2.0,209.0,2520.0,0.0,
2025,COSC-499-W2025,capstone-project-team-15,228e5c564c1111c77669e2fa2fe89cf9c195ed72,41,0,521.0,5.7735,112.0,59.0665,13147.0,525.0,3.9933,8.0,8.0,0.0,0.0,11.0,577.0,0.0,
2025,COSC-499-W2025,capstone-project-team-16,9bddb299ba94f852d0b090b54494e1c778a36aa2,54,0,291.0,6.6495,82.0,67.0597,7268.0,789.0,10.8558,7.86,7.86,0.0,0.0,39.0,336.0,0.0,
2025,COSC-499-W2025,capstone-project-team-17-1,bb0aa42319bd05ff1aef6a9119b901c2b368f9e3,151,0,1734.0,4.4585,449.0,55.3545,33781.0,1279.0,3.7862,8.36,8.36,0.0,0.0,35.0,558.0,0.0,
2025,COSC-499-W2025,capstone-project-team-18,0e0c4f92cb3ae5dd95f59e3fdf1916e218e42547,197,0,1676.0,4.4403,62.0,66.9675,29058.0,1588.0,5.4649,8.64,8.64,0.0,0.0,4.0,1495.0,0.0,
2025,COSC-499-W2025,capstone-project-team-19,c0ec5f88fac4de9a784ff86bdc95360c3a6a5b88,398,0,2756.0,4.6176,93.0,64.4133,50837.0,3480.0,6.8454,7.89,7.89,0.0,0.0,54.0,3603.0,0.0,
2025,COSC-499-W2025,capstone-project-team-20,b61e3c34ed7e94a4e6a7bb2245ddb5593a162aa0,102,0,1188.0,4.0808,64.0,60.7078,15897.0,1088.0,6.8441,7.55,7.55,0.0,5.0,17.0,1211.0,0.0,
