pdf_metric,formula_in_pdf,sonarqube_keys_available_in_26.9,sonarqube_definition,match,how_we_compute_the_pdf_version,source_used
CCavg,"mean of CC_b over pooled blocks B (functions, methods, classes)",complexity; cognitive_complexity; functions,complexity: Cyclomatic complexity (sum over the component); functions: Functions,different,"radon cc per block, pooled over all tracked .py files, mean. complexity/functions from SonarQube gives only a rough per-function mean, not the PDF definition",radon
CCmax,max of CC_b over pooled blocks B,complexity (per file via /api/measures/component_tree),"complexity: Cyclomatic complexity; file-level is the finest granularity exposed, no per-function values",none,"radon cc per block, maximum over pooled list",radon
MI,"Oman-Hagemeister MI per file, mean over files",sqale_index; sqale_debt_ratio; sqale_rating; software_quality_maintainability_rating; software_quality_maintainability_debt_ratio,sqale_index: Total effort (in minutes) to fix all the issues...; sqale_rating: A-to-E rating based on the technical debt ratio,none,"radon mi per file, mean over files. SonarQube maintainability keys are remediation-effort based (technical debt), a different construct",radon
Pylint score,"Pylint overall score, one run over all files; 4 import checks disabled",code_smells; violations; software_quality_maintainability_issues (proxy only),violations: Issues; code_smells: Code Smells,none,"pylint over all tracked .py files at once with import-error,no-name-in-module,wrong-import-position,ungrouped-imports disabled. SonarQube proxy: violations / ncloc * 1000 (issues per KLOC)",pylint
SLOC,"source lines of code, summed over files",ncloc,ncloc: Non commenting lines of code,close,"radon raw sloc summed over .py files for the PDF number; SonarQube ncloc reported alongside (all languages, and Python only via ncloc_language_distribution)",radon
Comment %,comments / SLOC * 100,comment_lines; ncloc; comment_lines_density,comment_lines: Number of comment lines; comment_lines_density: Comments balanced by ncloc + comment lines,different,"PDF version from radon: sum(comments)/sum(sloc)*100. SonarQube-derived PDF version: comment_lines / ncloc * 100 (NOT comment_lines_density, which is comment_lines/(ncloc+comment_lines)*100)",radon
Bandit high/medium/low,sum over files of issues per severity,"vulnerabilities; security_hotspots; software_quality_security_issues; software_quality_{high,medium,low}_issues",vulnerabilities: Vulnerabilities; security_hotspots: Security Hotspots; software_quality_*_issues: issues by impact severity (all qualities),different,"bandit per repo, counts by issue_severity summed. SonarQube security counts reported separately; severities are different scales and rule sets",bandit
Functional correctness,C_i = 1 if all tests pass else 0,none (coverage/test metrics need imported reports),n/a,none,out of scope for D1 (no shared test harness),none
DeltaCCavg,CCavg_post - CCavg_pre,none,n/a,none,derived in D3 from two CCavg snapshots,derived
DeltaCCmax,CCmax_post - CCmax_pre,none,n/a,none,derived in D3 from two CCmax snapshots,derived
DeltaMI,MI_avg_post - MI_avg_pre,none,n/a,none,derived in D3 from two MI snapshots,derived
DeltaPylint,Pylint_post - Pylint_pre,none,n/a,none,derived in D3 from two Pylint snapshots,derived
DeltaBandit_s,"sum_f |Issues_s_post(f)| - sum_f |Issues_s_pre(f)|, s in high/medium/low",none,n/a,none,derived in D3 from two Bandit snapshots per severity,derived
