cohort_year,org,repo,commit_sha,evo_team_commits,evo_span_days,evo_commits_per_day,evo_commits_per_week,evo_weeks_active_pct,evo_authors,evo_median_commits_per_author,evo_median_active_days_per_author,evo_branches,evo_prefixed_branches_pct,evo_has_dev_branch,evo_merge_commits_pct,col_contributors,col_core_contributors,col_top_author_share_pct,col_smallest_author_share_pct,col_gini,rev_prs,rev_merged_pct,rev_prs_per_week,rev_pr_size_median,rev_pr_files_median,rev_commits_per_pr_median,rev_commits_per_pr_mean,rev_reviewed_pct,rev_approved_pct,rev_merged_by_other_pct,rev_first_review_h_median,rev_rounds_mean,rev_comments_per_pr_mean,rev_comments_per_pr_median,rev_uncommented_pct,rev_reviews_per_dev,col_pr_authors,col_authors_per_pr,col_multi_author_pr_pct,col_review_pairs,col_network_density,vel_merged_prs,vel_ttm_median_h,vel_ttm_p75_h,vel_merged_24h_pct,vel_issues,vel_issues_closed_pct,vel_issue_close_median_days,vel_issue_close_p75_days
2023,COSC-499-W2023,year-long-project-team-1,fa5080c7cb44f981330cb9afc022c70d95fd9de8,1601,201,7.9553,55.6868,86.2069,5,301.0,72.0,15,0.0,True,12.5137,5,5,34.6034,10.4934,0.2184,241,93.7759,8.3826,99.0,5.0,3.0,9.5531,99.5575,98.6726,51.7699,4.7261,4.8996,7.8506,2.0,29.8755,241.2,5,1.2407,16.5975,20,1.0,226,11.9846,66.0143,59.7345,238,100.0,7.0417,27.2486
2023,COSC-499-W2023,year-long-project-team-2,d5e74bfc090a638c2c8e0e8f34a3f8d03fa9fe81,754,190,3.9586,27.71,85.7143,5,179.0,44.0,58,1.7241,False,24.0685,5,5,25.3316,5.8355,0.1772,127,92.9134,4.6673,205.5,7.0,6.0,6.7712,100.0,99.1525,91.5254,1.6186,1.5124,0.189,0.0,85.0394,54.0,5,1.8189,34.6457,19,0.95,118,3.0692,15.286,81.3559,162,96.2963,0.1731,1.2216
2023,COSC-499-W2023,year-long-project-team-3,90ef366da13bda98a11fdd7d7433ea8ff25d21e9,1610,190,8.4945,59.4612,89.2857,6,294.5,68.5,249,0.8032,False,22.5217,6,5,26.5217,0.8696,0.2865,272,93.3824,10.0456,32.0,2.0,2.0,7.9291,100.0,99.6063,8.2677,0.7047,2.4258,6.2978,1.0,37.1324,203.0,5,1.1985,15.0735,20,1.0,254,2.3681,46.2888,65.3543,277,92.4188,6.8302,25.6964
2023,COSC-499-W2023,year-long-project-team-4,06ed5d07cb18c6a7870df78cfd07371b0af36152,596,192,3.1078,21.7547,89.2857,5,122.0,50.0,63,1.5873,True,24.557,5,5,28.5235,13.255,0.1483,137,90.5109,5.0007,224.5,6.0,6.0,18.8226,62.0968,61.2903,39.5161,1.1139,2.075,0.5693,0.0,77.3723,43.2,5,2.7445,66.4234,20,1.0,124,0.7672,23.3585,75.8065,41,100.0,40.0395,63.3414
2023,COSC-499-W2023,year-long-project-team-5,b31d512b46c737d10ada0029f9eceb5bda29edc0,778,194,4.0006,28.0043,82.1429,5,153.0,61.0,59,5.0847,True,24.6854,5,4,38.3033,4.2416,0.291,127,91.3386,4.5714,206.5,7.0,10.0,15.1552,59.4828,59.4828,10.3448,7.5854,2.2857,1.6299,0.0,54.3307,40.8,5,2.3386,48.0315,15,0.75,116,3.7225,69.6208,61.2069,125,100.0,13.4803,28.6354
2023,COSC-499-W2023,year-long-project-team-6,85acece8fa95bf7323a0480c02535b0149f672f3,445,189,2.3522,16.4653,82.1429,5,81.0,37.0,45,0.0,True,31.853,5,5,25.3933,15.9551,0.1061,137,90.5109,5.0691,169.5,5.0,2.0,9.0726,72.5806,72.5806,15.3226,0.0894,1.3763,0.1022,0.0,92.7007,42.6,5,1.8467,40.8759,20,1.0,124,0.2472,3.6335,83.871,238,97.479,0.0017,1.2186
2023,COSC-499-W2023,year-long-project-team-7,ba7bbb2b8d1fbead2e70b2579f6dc66bb90798ba,713,195,3.6657,25.6597,92.8571,5,161.0,54.0,136,2.9412,False,23.9872,5,4,29.0323,1.683,0.2317,158,92.4051,5.6861,39.5,3.0,2.0,5.3973,99.3151,99.3151,87.6712,11.8031,1.8993,1.1392,0.0,75.3165,93.5,4,1.2038,17.8344,12,1.0,146,45.2429,119.6792,33.5616,138,93.4783,12.5989,25.549
2023,COSC-499-W2023,year-long-project-team-8,b6e194eabf4dea90d67301853e21058674123da7,843,193,4.3614,30.5297,89.2857,4,203.0,61.0,71,25.3521,True,19.8669,4,4,33.8078,18.0308,0.1195,141,82.9787,5.1064,497.0,12.0,4.0,13.6581,94.0171,93.1624,88.8889,0.8365,1.5351,0.4184,0.0,77.305,60.0,4,1.773,34.7518,12,1.0,117,4.1397,19.3692,79.4872,209,98.5646,9.0425,21.008
2023,COSC-499-W2023,year-long-project-team-9,baa321ed6e2bf497cfb8edf1bec516a6e56577e4,1692,193,8.7646,61.3519,92.8571,5,402.0,69.0,154,5.8442,True,19.3133,5,4,35.3428,4.0189,0.3508,347,89.3372,12.5822,159.0,6.5,4.0,16.3742,93.871,93.871,80.6452,0.146,1.2867,0.4179,0.0,74.928,156.5,4,1.7579,34.2939,12,1.0,310,0.6254,2.8452,92.5806,216,100.0,5.7467,16.9562
2023,COSC-499-W2023,year-long-project-team-10,bc2628321b22f89af090876a25d7f978f8ec6f85,564,191,2.9561,20.6924,92.8571,6,72.5,37.0,40,7.5,True,24.3968,6,5,41.1348,0.8865,0.4362,156,85.2564,5.7234,352.0,10.0,6.0,17.4511,72.1805,72.1805,30.8271,0.3219,1.86,0.8333,0.0,69.2308,50.2,5,2.2051,44.2308,19,0.95,133,0.5281,22.5083,76.6917,50,86.0,15.1391,41.9317
2023,COSC-499-W2023,year-long-project-team-11,8348bac4c81b5562c61a1f3095e26dde1697744f,372,193,1.9291,13.5039,85.7143,5,73.0,37.0,57,0.0,True,29.0076,5,5,27.1505,12.9032,0.1355,142,88.7324,5.1547,68.0,5.5,5.0,9.9921,50.7937,49.2063,25.3968,0.3108,1.6818,0.0423,0.0,95.7746,29.0,5,2.6479,52.8169,19,0.95,126,0.2601,1.5354,92.8571,60,95.0,7.1653,19.01
2023,COSC-499-W2023,year-long-project-team-12,395810ffffcc26e2d77a676415086291e52bee81,466,190,2.4585,17.2093,82.1429,5,90.0,37.0,93,1.0753,True,27.7519,5,5,36.6953,6.867,0.3116,167,91.6168,6.1673,115.0,5.0,2.0,6.2614,64.0523,63.3987,41.8301,3.2207,1.4231,1.1497,0.0,60.479,46.4,5,1.4731,22.1557,19,0.95,153,1.3733,19.7361,78.4314,157,86.6242,17.9745,45.7523
2023,COSC-499-W2023,year-long-project-team-13,a1c398906b52d8a461ae97b10ea496d53bfbdabd,1150,190,6.0407,42.285,92.8571,6,187.5,57.5,53,0.0,False,18.8426,6,5,32.3478,0.087,0.3861,83,83.1325,3.0519,229.0,20.0,14.0,16.8841,100.0,100.0,72.4638,0.4069,1.3239,0.1807,0.0,86.747,30.2,5,2.1205,55.4217,20,1.0,69,1.1275,45.6558,68.1159,129,84.4961,13.9246,57.12
2023,COSC-499-W2023,year-long-project-team-14,cecc5dd43822cf28bcee1bda2ae37404d2fba6fe,931,190,4.8945,34.2613,85.7143,5,158.0,56.0,221,7.6923,True,31.6446,5,5,35.0161,14.2857,0.1839,419,87.8282,15.4194,120.0,5.0,2.0,13.2908,89.4022,89.4022,84.7826,0.4989,1.0506,0.0167,0.0,98.3294,133.4,5,1.5776,19.8091,20,1.0,368,1.1481,11.7823,89.4022,0,,,
2023,COSC-499-W2023,year-long-project-team-15,ca01efde823b6353604921034c514d1bc63c17db,316,189,1.6693,11.6853,82.1429,6,56.5,29.0,53,3.7736,True,13.4247,6,5,33.2278,0.6329,0.3745,47,72.3404,1.738,395.5,10.0,3.5,5.6176,64.7059,58.8235,73.5294,0.8911,1.3448,0.5319,0.0,65.9574,11.0,5,1.8298,42.5532,16,0.8,34,0.7185,15.0592,79.4118,44,68.1818,33.2175,62.2375
2023,COSC-499-W2023,year-long-project-team-16,5729eb36e81c0c1031557dfd4b86419576d82098,587,191,3.077,21.5389,75.0,6,100.0,34.5,57,0.0,False,18.9227,6,5,33.5605,3.0664,0.3569,90,82.2222,3.3024,70.0,4.0,3.5,8.2973,94.5946,94.5946,43.2432,0.0536,1.0789,0.0222,0.0,97.7778,33.0,4,2.4111,45.5556,12,1.0,74,0.1189,0.5992,94.5946,150,48.0,0.0027,0.0065
2023,COSC-499-W2023,year-long-project-team-17,ad836684ef505bc15705fccd550d590792efc5a3,344,193,1.7829,12.4804,85.7143,5,63.0,33.0,87,0.0,False,27.7311,5,5,33.1395,5.5233,0.2791,107,83.1776,3.882,118.0,10.0,2.0,4.2809,95.5056,95.5056,93.2584,2.0946,1.4667,0.1682,0.0,85.9813,47.5,4,1.6449,33.6449,12,1.0,89,16.0011,94.4514,57.3034,76,7.8947,9.0226,10.7451
2023,COSC-499-W2023,year-long-project-team-18,82fa5c6b552b6a1d70fab749ca3338ae623c0645,380,195,1.9481,13.637,85.7143,5,77.0,38.0,36,0.0,False,27.0633,5,5,30.5263,9.2105,0.2526,112,92.8571,4.0193,118.0,5.5,3.5,8.0962,87.5,87.5,73.0769,0.4365,1.3587,0.0089,0.0,99.1071,38.6,5,1.8661,33.0357,20,1.0,104,2.8135,26.121,75.0,54,88.8889,7.298,25.2053
2023,COSC-499-W2023,year-long-project-team-19,4c988e18635735a086dbe390071caf77becc7835,576,192,3.0001,21.001,89.2857,6,74.5,31.0,35,0.0,True,16.8831,6,5,36.9792,0.1736,0.4392,96,90.625,3.5002,135.0,8.0,3.0,6.6437,73.5632,73.5632,42.5287,1.015,1.1364,1.3646,1.0,7.2917,27.4,5,1.3958,16.6667,20,1.0,87,2.9961,8.9282,86.2069,117,98.2906,13.9919,69.6236
2023,COSC-499-W2023,year-long-project-team-20,834d931f804a0e387e2978bba43e4d3e22063d7d,301,189,1.5895,11.1268,85.7143,7,32.0,21.0,89,0.0,False,34.2795,7,6,28.2392,0.3322,0.3569,182,81.8681,6.7278,106.0,2.0,2.0,4.9396,76.5101,76.5101,72.4832,0.6614,1.12,0.6758,1.0,42.8571,49.6,5,1.6593,24.1758,20,1.0,149,1.2597,5.2361,89.9329,61,86.8852,5.7303,35.3895
2023,COSC-499-W2023,year-long-project-team-21,a433a2dd933f1b1c5c9253e0af1d98594d8dd501,926,189,4.8917,34.2416,89.2857,6,171.0,58.0,87,1.1494,True,19.1266,6,6,26.4579,6.1555,0.2372,113,85.8407,4.1785,223.0,9.0,7.0,21.732,85.567,67.0103,44.3299,14.521,2.4773,3.0088,0.0,50.4425,41.4,5,2.1416,44.2478,17,0.85,97,27.38,154.7208,44.3299,132,89.3939,8.7316,20.4875
2023,COSC-499-W2023,year-long-project-team-22,3c09911ad3ee94aafa7ddee91d807df2455ae5c5,296,189,1.5655,10.9586,85.7143,4,92.5,33.5,18,0.0,False,42.9672,4,3,33.1081,4.3919,0.2213,260,78.0769,9.6258,126.0,9.0,3.0,7.0197,58.1281,58.1281,47.7833,0.3247,1.16,0.0038,0.0,99.6154,64.0,4,1.5885,35.7692,12,1.0,203,0.0583,5.0447,90.6404,1,100.0,1.2031,1.2031
2024,COSC-499-W2024,capstone-project-team-1-003,7d0b0d9ec46756f02ef885dde3eb912ee9b2c81a,811,189,4.2821,29.9749,96.4286,6,140.0,48.5,154,0.6494,True,23.2734,6,5,30.0863,0.6165,0.2859,198,93.9394,7.3182,164.0,6.0,3.0,9.7258,98.3871,97.8495,23.1183,0.5585,1.6344,1.6212,0.0,58.5859,79.2,5,1.5303,23.7374,20,1.0,186,2.1176,25.7235,72.043,169,100.0,10.1908,20.7254
2024,COSC-499-W2024,capstone-project-team-04-003,1ed7bdf803087c69e47c85fd87758ab12f87bd05,777,192,4.0373,28.2614,85.7143,5,137.0,40.0,137,4.3796,True,22.3,5,5,38.2239,11.9691,0.2347,142,92.9577,5.1649,594.5,16.0,3.0,6.7197,95.4545,95.4545,21.9697,4.4607,2.5,2.1901,0.5,50.0,89.6,5,1.2254,14.0845,20,1.0,132,26.5258,62.643,47.7273,166,99.3976,6.284,20.4343
2024,COSC-499-W2024,capstone-project-team-10-002,2bc77f83dcb30b2385603adc04148b16ceacd4df,1142,193,5.9071,41.3496,85.7143,5,176.0,54.0,141,0.7092,True,20.9689,5,5,31.7863,10.2452,0.2361,186,87.6344,6.7347,138.0,5.0,3.0,11.7975,96.319,96.319,73.0061,0.9122,2.7378,3.7796,0.0,63.9785,108.8,5,1.2473,17.7419,20,1.0,163,2.0333,67.6658,64.4172,112,92.8571,24.8438,55.0989
2024,COSC-499-W2024,capstone-project-team-11-003,e2728bc2f21fd6edf15b2e430229093600aed2aa,785,197,3.9781,27.8467,89.6552,6,144.0,43.5,196,1.0204,True,23.3398,6,5,29.172,0.1274,0.3569,183,87.9781,6.4917,83.0,3.0,2.0,7.9068,96.2733,96.2733,88.8199,3.8611,1.3114,0.235,0.0,86.8852,58.2,5,1.4863,26.776,19,0.95,161,6.2369,34.0639,70.1863,120,94.1667,13.9252,27.1781
2024,COSC-499-W2024,capstone-project-team-12-003,fa0ada75e118044031920d5ad872d647a91ecca3,312,184,1.6959,11.8713,70.3704,7,28.0,12.0,52,0.0,True,31.5789,7,5,41.9872,0.3205,0.478,132,93.1818,5.0225,127.0,3.0,2.0,5.8049,86.1789,86.1789,9.7561,0.36,1.211,0.0303,0.0,96.9697,33.6,5,1.3561,15.1515,16,0.8,123,1.9175,17.9565,82.1138,55,81.8182,0.2271,1.8767
2024,COSC-499-W2024,capstone-project-team-2-002,9e62a1023c86501a6a233fc574337843779b1eef,1185,195,6.0739,42.5171,85.7143,6,201.5,56.0,225,2.2222,True,27.6998,6,5,30.9705,0.3376,0.2809,258,93.7984,9.2569,109.0,3.0,4.0,11.7231,100.0,99.5868,16.5289,2.6597,2.2602,1.5155,0.0,57.3643,140.0,5,1.4186,20.5426,20,1.0,242,20.029,66.9486,53.3058,197,94.9239,7.3401,10.783
2024,COSC-499-W2024,capstone-project-team-2-003-1,93dd67bd92ddd7b31112852adeb261c15879c116,442,190,2.3225,16.2578,82.1429,5,73.0,37.0,112,0.8929,False,31.6847,5,5,32.3529,14.4796,0.1665,181,88.3978,6.6576,177.5,3.0,2.0,7.5438,90.625,88.75,40.625,1.6972,1.351,0.1215,0.0,90.0552,61.8,5,1.3184,14.5251,20,1.0,160,4.0811,24.4126,74.375,65,92.3077,11.0162,13.1428
2024,COSC-499-W2024,capstone-project-team-3-002,28889e5e1af2bc84216a0fc8b4f770523079e2c5,558,196,2.8437,19.906,72.4138,5,86.0,37.0,164,3.6585,False,29.8113,5,5,39.2473,12.0072,0.2437,179,92.7374,6.3856,148.0,4.0,2.0,3.6386,96.3855,95.1807,68.6747,1.2775,1.4688,0.5642,0.0,75.419,62.6,5,1.1508,9.4972,20,1.0,166,4.424,26.6051,72.2892,134,91.0448,5.117,17.7539
2024,COSC-499-W2024,capstone-project-team-3-003,df83f8ce13ae6a305a91c8380190744c1c863284,1263,195,6.4671,45.2699,89.2857,5,230.0,62.0,188,5.8511,True,23.7779,5,5,33.0166,9.2637,0.2277,246,93.9024,8.8174,87.0,3.0,4.0,11.8052,99.1342,99.1342,14.7186,3.955,1.9536,0.9797,0.0,68.2927,99.0,5,1.4245,20.8163,20,1.0,231,23.0442,73.3429,51.0823,203,91.133,13.0501,24.6737
2024,COSC-499-W2024,capstone-project-team-4-002,b20a5766e5245a0777eb615582015404dcc88eac,672,185,3.6395,25.4766,92.5926,6,121.5,39.0,141,3.5461,True,21.6783,6,5,33.1845,0.4464,0.3467,135,91.1111,5.1181,252.0,4.0,3.0,7.4797,97.561,97.561,77.2358,2.2172,1.496,0.7037,0.0,68.8889,56.0,5,1.2889,15.5556,20,1.0,123,17.3489,44.3932,60.1626,151,100.0,14.8194,33.631
2024,COSC-499-W2024,capstone-project-team-5-002,29e4b44d36bb0068990217dba39e2dbdee9508f7,622,193,3.2189,22.532,78.5714,5,84.0,35.0,177,5.0847,True,29.638,5,5,45.0161,9.6463,0.3048,202,97.0297,7.3175,162.5,6.0,2.0,8.1786,92.8571,92.8571,35.2041,0.3381,1.5568,0.3267,0.0,83.1683,87.0,5,1.6733,28.2178,20,1.0,196,1.7022,16.3085,79.5918,241,100.0,4.134,15.2198
2024,COSC-499-W2024,capstone-project-team-5-003,6ee182a67e76e25c0066d7bccc8ba0638c7c57e3,659,354,1.8618,13.0324,45.098,5,136.0,37.0,65,0.0,True,33.5015,5,5,33.3839,9.4082,0.2446,292,95.2055,5.7746,111.5,4.0,2.0,6.2158,98.5612,98.5612,4.3165,0.6689,1.3394,0.0616,0.0,94.863,114.2,5,1.2877,17.8082,20,1.0,278,3.8447,15.0093,85.2518,112,91.9643,8.879,28.4136
2024,COSC-499-W2024,capstone-project-team-6-003,390cfaf2f11707453467f54e18799a7cb21986f0,1041,186,5.5865,39.1058,85.1852,4,307.0,62.0,130,3.0769,True,16.6533,4,4,35.7349,5.2834,0.2572,124,92.7419,4.6581,475.0,14.0,7.0,18.7043,100.0,100.0,7.8261,5.1232,2.0508,1.0242,0.0,64.5161,75.75,4,1.3065,19.3548,12,1.0,115,26.3922,63.0421,44.3478,194,100.0,8.0467,20.8567
2024,COSC-499-W2024,capstone-project-team-7-1,02b8f9ea1bd0c404572bc0e15293263589af9d6a,1540,189,8.1344,56.9405,85.7143,6,277.5,34.0,178,0.5618,True,24.2499,6,6,22.6623,10.3247,0.1461,212,84.9057,7.8386,153.0,2.0,2.0,11.4278,88.3333,87.7778,78.3333,0.4619,1.2663,0.1509,0.0,87.7358,61.4,5,1.3868,21.6981,20,1.0,180,1.0549,4.759,86.6667,165,96.3636,2.9674,20.9207
2024,COSC-499-W2024,capstone-project-team-8-002,1f92ec9343cf3aa0591796167fdd9d5553962cbb,247,190,1.3033,9.1229,64.2857,5,28.0,14.0,56,3.5714,False,21.3376,5,4,44.1296,4.8583,0.4146,72,90.2778,2.6593,233.0,5.0,2.0,3.4,100.0,100.0,13.8462,0.7058,1.6716,2.0278,1.0,34.7222,48.5,4,1.5694,23.6111,12,1.0,65,2.2197,15.7778,83.0769,93,90.3226,6.7634,16.0944
2024,COSC-499-W2024,capstone-project-team10-003,a0c10bad782b894f7e07e04301be4196e871a2fc,424,183,2.3163,16.2141,85.1852,5,92.0,38.0,22,4.5455,False,32.9114,5,4,46.6981,1.1792,0.4349,146,89.0411,5.5832,302.5,9.0,2.0,3.6769,87.6923,85.3846,49.2308,0.8078,1.6475,0.3014,0.0,77.3973,62.75,4,1.2083,12.5,12,1.0,130,2.6301,20.9137,78.4615,82,93.9024,8.4168,30.1287
2024,COSC-499-W2024,capstone-project-team_6_section_002,a8599823a28f9bcb94fce002ecf5ee68d9c32612,833,194,4.2858,30.0007,82.1429,5,144.0,37.0,199,3.0151,True,16.6166,5,5,31.8127,12.0048,0.2026,235,88.5106,8.4636,97.0,3.0,2.0,7.6106,94.7115,94.2308,87.5,0.7347,1.4493,0.3234,0.0,86.383,81.2,5,1.417,20.0,20,1.0,208,2.1189,17.8917,81.25,248,81.0484,8.2181,19.0289
2024,COSC-499-W2024,capstone-project-team_7_003,d6696413fc6a28679e38e95fbac318a8dd55c816,734,196,3.7375,26.1624,82.7586,5,141.0,35.0,112,7.1429,True,20.2174,5,4,41.6894,0.2725,0.4016,143,88.8112,5.097,586.0,12.0,3.0,8.4882,96.8504,96.8504,95.2756,0.34,1.252,0.049,0.0,95.1049,65.0,4,1.2535,18.3099,12,1.0,127,1.4889,11.0132,87.4016,97,92.7835,0.1164,8.2192
2024,COSC-499-W2024,capstone-project-team-13-youry-1-003,c7574238609e910bdf27e20180bf3ab638f7c249,727,196,3.7027,25.9187,93.1034,6,124.5,49.5,114,22.807,True,21.4903,6,5,29.436,0.1376,0.3547,140,90.0,4.9912,187.0,8.0,3.0,11.0556,97.619,97.619,34.9206,0.9756,1.4724,0.2143,0.0,84.2857,55.4,5,1.2857,22.1429,20,1.0,126,6.0004,28.3238,69.8413,122,100.0,17.0478,52.2012
2024,COSC-499-W2024,capstone-project-team-15-003-,6d6a1de6456c3569636b98098b2d5a8a9277fe5b,292,186,1.5723,11.0064,81.4815,6,44.5,16.0,48,2.0833,True,23.1579,6,4,36.6438,2.0548,0.4281,73,78.0822,2.7516,699.0,11.0,3.0,4.6842,84.2105,84.2105,52.6316,1.9822,1.7627,0.0137,0.0,98.6301,24.6,5,1.5068,28.7671,18,0.9,57,7.4917,124.9189,56.1404,31,100.0,35.0592,131.9913
2024,COSC-499-W2024,capstone-project-best-looking-project-team-9-002,d99dd187956fa1ec94945fd192e70220f42411e4,992,185,5.3488,37.4419,81.4815,5,239.0,26.0,127,1.5748,True,25.1885,5,5,25.504,11.3911,0.1569,178,96.6292,6.7184,61.5,2.0,2.0,12.7442,98.8372,98.2558,55.814,0.1139,1.2558,0.0169,0.0,98.8764,69.6,5,1.4607,19.6629,20,1.0,172,0.3558,1.5699,92.4419,110,99.0909,0.2127,7.0086
2024,COSC-499-W2024,capstone-project-fellas2-002-team-1,ab8aff93fd9c0928a11b9d2fdf39df391807beea,1025,194,5.2948,37.0633,92.8571,5,191.0,62.0,153,3.268,False,21.3354,5,5,25.8537,11.6098,0.142,198,95.9596,7.1595,95.5,4.0,3.0,5.7158,97.3684,96.8421,77.8947,1.8136,1.4734,0.6667,0.0,75.7576,78.2,5,1.1667,13.6364,20,1.0,190,8.1874,52.3622,62.1053,219,99.5434,5.6128,13.8133
2024,COSC-499-W2024,capstone-project-group-11-002,697003c9e56b3025b72b01b8c53bd8757b5b2b28,342,186,1.8374,12.862,81.4815,5,55.0,22.0,198,4.0404,False,39.254,5,5,38.3041,8.4795,0.3029,221,92.7602,8.3114,141.0,3.0,1.0,1.9561,78.0488,78.0488,59.5122,0.9036,1.118,0.3077,0.0,73.3032,64.8,5,1.1176,5.8824,19,0.95,205,3.5306,23.6439,75.6098,81,100.0,14.6471,38.0984
2024,COSC-499-W2024,capstone-project-shingetsu-team-8-003,283fa94d7c991b012a87dfa2bf376d6525d262a9,1022,192,5.3155,37.2085,78.5714,6,120.5,22.0,117,17.094,True,19.4006,6,5,48.2387,0.1957,0.4896,148,91.2162,5.3883,106.0,4.0,3.0,8.3778,99.2593,97.7778,50.3704,0.4278,1.3357,0.3243,0.0,85.8108,61.8,5,1.4324,20.2703,20,1.0,135,3.3339,17.9899,84.4444,19,47.3684,60.1108,92.0185
2024,COSC-499-W2024,capstone-project-team-9-Order-Of-Aesthetics,dfda5644aa460b7f0a9305672646497a7fdbf43a,740,186,3.9749,27.8242,85.1852,6,109.5,28.5,132,0.0,False,19.0372,6,4,43.5135,0.5405,0.4707,157,90.4459,5.9032,159.0,6.0,4.0,9.0493,91.5493,90.8451,29.5775,1.1432,1.442,0.5924,0.0,64.9682,51.0,6,1.5796,26.7516,26,0.8667,142,6.1207,20.4789,78.169,146,99.3151,8.0617,19.9176
2024,COSC-499-W2024,Capstone-Team16-003,c63f777511bafce82b3dee4c674b260cb410061b,487,200,2.4345,17.0412,82.7586,6,69.0,22.5,63,68.254,True,18.9684,6,4,43.7372,0.2053,0.5082,77,79.2208,2.6944,241.0,8.0,5.0,15.7213,70.4918,59.0164,26.2295,1.4114,2.3125,1.987,1.0,48.0519,30.0,4,1.6184,35.5263,12,1.0,61,10.7189,55.9103,62.2951,68,94.1176,14.9782,52.065
2025,COSC-499-W2025,capstone-project-team-1,c1f6d7fe510300cf2f24cff50a95367b9264c32f,1928,196,9.8159,68.7115,89.6552,8,214.0,48.0,251,2.7888,True,12.3636,8,5,37.1888,0.0519,0.5172,329,90.8815,11.7252,179.0,4.0,3.0,8.1706,97.9933,97.3244,68.8963,0.8499,1.8841,1.9726,0.0,53.1915,121.8333,6,1.5046,22.1884,28,0.9333,299,2.4164,23.9589,74.9164,218,100.0,10.547,22.1768
2025,COSC-499-W2025,capstone-project-team-2,91400188e01713ae81b582d2506f39dc13371fb7,1828,194,9.444,66.1083,89.2857,7,211.0,58.0,245,4.4898,True,21.2069,7,6,46.7177,0.0547,0.435,401,91.7706,14.5019,103.5,3.0,3.0,12.4946,98.913,98.3696,27.7174,1.4514,1.992,2.6708,0.0,52.1197,154.8333,6,1.2594,12.7182,30,1.0,368,8.915,27.8353,69.0217,254,99.2126,3.8691,8.4296
2025,COSC-499-W2025,capstone-project-team-3,22b9f56662d5af71c4aba97c659de4cd080b16e1,2101,191,10.9991,76.9939,89.2857,8,287.0,71.5,326,9.816,False,26.384,8,6,29.0338,0.0952,0.4044,431,96.2877,15.7946,182.0,3.0,3.0,4.7831,99.2771,99.2771,7.2289,3.7185,1.9638,1.9652,1.0,44.7796,178.3333,6,1.1346,6.0325,30,1.0,415,17.4175,44.9692,58.3133,548,93.9781,2.8609,10.228
2025,COSC-499-W2025,capstone-project-team-4,775f414e0cf419e9bd076652758dcd1c192d364f,900,189,4.7725,33.4077,85.1852,7,128.0,42.0,172,48.8372,True,21.466,7,6,29.4444,0.1111,0.2889,201,81.0945,7.461,308.0,5.0,4.0,15.362,97.546,96.9325,25.7669,1.801,1.8372,1.3234,1.0,48.2587,64.0,6,1.8706,27.3632,30,1.0,163,3.5328,67.9497,65.0307,85,91.7647,9.4158,20.9937
2025,COSC-499-W2025,capstone-project-team-5,c17085e474f4b46f2eb6a5273e3eea1b1719b840,945,194,4.8815,34.1702,85.7143,7,125.0,43.0,204,18.1373,True,26.5163,7,6,23.2804,0.1058,0.309,305,94.7541,11.0285,131.0,2.0,2.0,3.6574,98.9619,98.9619,58.1315,0.9819,1.589,1.141,0.0,58.6885,99.6667,6,1.1607,7.8689,30,1.0,289,3.3019,22.5914,76.1246,167,79.0419,6.1,14.4052
2025,COSC-499-W2025,capstone-project-team-6,ab282000d68de5e15ff04179b69f358b5f9f60df,1162,269,4.3258,30.2804,71.7949,7,150.0,41.0,281,2.847,True,27.6914,7,6,27.7969,0.0861,0.3396,334,95.2096,8.7036,256.5,3.0,2.0,8.1132,97.4843,96.2264,67.2956,1.9062,1.6289,0.4162,0.0,74.2515,101.0,6,1.2096,13.1737,30,1.0,318,5.4718,45.6687,67.2956,180,100.0,6.8864,15.992
2025,COSC-499-W2025,capstone-project-team-7,285ac72497e483e8bb508805fc4840e82e509410,1658,203,8.1578,57.1044,96.6667,8,157.0,47.5,240,38.75,False,16.3049,8,7,36.731,0.0603,0.4318,236,89.4068,8.1283,693.0,7.0,4.0,5.6777,94.7867,94.7867,61.6114,3.6667,2.3268,0.3008,0.0,77.5424,87.3333,6,1.2034,14.4068,30,1.0,211,25.6933,50.7157,48.3412,280,100.0,3.8088,11.0118
2025,COSC-499-W2025,capstone-project-team-8,32b9bbc7d76eec7d5a21b1d016f05a9ac262f5e5,1048,194,5.4137,37.8958,78.5714,7,140.0,36.0,41,26.8293,False,22.9978,7,6,36.1641,0.0954,0.3787,192,92.7083,6.9427,239.0,5.0,4.0,5.9775,93.8202,93.8202,60.6742,2.9924,1.5476,0.7917,0.0,67.7083,59.5,6,1.4219,22.3958,30,1.0,178,19.0112,78.846,53.3708,181,92.2652,7.1165,13.3155
2025,COSC-499-W2025,capstone-project-team-9,5d47a8ffc8e90659e0fbceb637d9b2cb07a32de3,1287,199,6.4658,45.2608,89.6552,7,192.0,54.0,230,13.913,False,17.3941,7,6,23.6208,0.0777,0.2826,215,93.0233,7.561,283.0,4.0,2.0,2.89,89.0,84.5,68.0,4.2714,1.6257,1.7349,1.0,34.4186,75.8333,6,1.107,9.3023,30,1.0,200,19.5747,48.3551,58.5,183,87.4317,7.2834,17.4794
2025,COSC-499-W2025,capstone-project-team-10,a3cd949246d1bf1af382eab84e57acaac6123077,678,190,3.5755,25.0282,92.8571,7,112.0,39.0,139,7.9137,False,24.3304,7,6,21.2389,0.1475,0.2326,146,90.411,5.3896,163.0,4.0,3.0,4.5985,99.2424,98.4848,15.1515,1.5507,1.831,0.726,0.0,65.0685,63.3333,6,1.1781,10.274,30,1.0,132,13.7322,56.7477,58.3333,157,88.535,8.9495,20.7825
2025,COSC-499-W2025,capstone-project-team-11,33b89cc9dab9d269e1b301a9c28c87efd5a494a4,587,193,3.0361,21.2525,82.1429,7,95.0,50.0,239,15.0628,True,39.2968,7,6,20.4429,0.1704,0.2137,360,95.8333,13.0339,104.0,2.0,1.0,3.5913,99.7101,99.7101,92.4638,0.6129,1.1965,0.0806,0.0,95.5556,102.8333,6,1.4194,14.4444,30,1.0,345,1.1714,13.8606,88.4058,167,98.8024,5.5656,17.1931
2025,COSC-499-W2025,capstone-project-team-12,a0e99146da7c199f324669a79bacb8d253fe6db5,1291,192,6.7143,47.0,92.8571,7,190.0,59.0,195,4.1026,False,22.3225,7,6,26.3362,0.0775,0.3196,226,96.9027,8.2277,201.0,4.0,5.0,6.8174,97.7169,97.7169,58.4475,11.9358,1.9677,1.1726,0.0,53.0973,88.8333,6,1.5708,26.5487,30,1.0,219,33.0847,68.4215,42.4658,339,98.2301,3.1109,6.022
2025,COSC-499-W2025,capstone-project-team-13,13a169e0420d87f3841a7097a7cf441e45f99502,885,189,4.6785,32.7493,82.1429,7,128.0,42.0,68,20.5882,False,33.2579,7,6,27.2316,0.113,0.318,396,89.1414,14.6539,88.0,2.0,1.0,2.7847,98.017,98.017,88.102,0.8146,1.1927,0.2399,0.0,84.0909,103.1667,6,1.2222,10.6061,30,1.0,353,1.8933,21.4883,77.9037,214,80.3738,10.7208,17.2452
2025,COSC-499-W2025,capstone-project-team-14,d69f6eced6beb074f97008befb69856bb5b508a2,629,190,3.3054,23.138,85.7143,8,83.0,25.5,167,62.2754,True,32.7991,8,6,25.9141,0.159,0.4064,277,94.9458,10.1896,167.0,3.0,2.0,4.6198,99.2395,98.8593,73.0038,1.2192,1.27,0.5812,0.0,70.0361,81.1667,6,1.2383,9.3863,30,1.0,263,3.0269,10.5246,83.6502,145,100.0,4.4863,20.9612
2025,COSC-499-W2025,capstone-project-team-15,228e5c564c1111c77669e2fa2fe89cf9c195ed72,589,190,3.095,21.6647,92.8571,8,75.5,26.5,65,33.8462,True,30.6243,8,6,23.2598,0.1698,0.3215,234,92.735,8.607,69.0,2.0,2.0,5.9171,96.3134,95.8525,82.4885,0.5758,1.2535,0.1838,0.0,86.3248,61.1667,6,1.4335,16.7382,30,1.0,217,1.415,19.5031,78.8018,118,100.0,5.735,11.2483
2025,COSC-499-W2025,capstone-project-team-16,9bddb299ba94f852d0b090b54494e1c778a36aa2,348,190,1.8317,12.8221,85.7143,5,40.0,21.0,35,65.7143,True,31.4961,5,4,66.3793,0.2874,0.5586,164,84.1463,6.0426,120.0,3.5,1.5,4.3768,100.0,100.0,16.6667,0.2997,1.1528,0.1159,0.0,89.0244,53.5,4,1.1707,9.1463,10,0.8333,138,1.1103,15.5981,81.1594,125,93.6,4.9704,11.5432
2025,COSC-499-W2025,capstone-project-team-17-1,bb0aa42319bd05ff1aef6a9119b901c2b368f9e3,959,194,4.9409,34.5863,85.7143,10,102.5,30.5,128,64.8438,True,21.9691,10,7,28.6757,0.1043,0.4504,193,93.2642,6.9605,408.5,6.0,3.0,9.7111,98.8889,98.8889,55.0,0.4286,1.4481,0.0518,0.0,96.3731,58.3333,6,1.772,34.715,25,0.8333,180,2.8404,21.3713,80.5556,164,100.0,5.5323,17.0712
2025,COSC-499-W2025,capstone-project-team-18,0e0c4f92cb3ae5dd95f59e3fdf1916e218e42547,1495,203,7.3635,51.5444,100.0,7,181.0,63.0,28,3.5714,True,25.5849,7,6,32.5084,0.0669,0.3383,359,93.3148,12.3776,125.0,3.0,3.0,8.9642,97.3134,96.4179,51.6418,2.7162,2.4,2.4429,0.0,56.546,153.6667,6,1.2674,14.7632,30,1.0,335,8.7825,46.6083,61.194,243,96.7078,7.6602,13.9888
2025,COSC-499-W2025,capstone-project-team-19,c0ec5f88fac4de9a784ff86bdc95360c3a6a5b88,1883,191,9.8419,68.8934,89.2857,7,315.0,58.0,30,16.6667,False,21.1804,7,6,23.7918,0.0531,0.2739,352,97.4432,12.8786,203.0,5.0,5.0,5.9708,100.0,100.0,3.4985,3.1383,2.3634,1.2614,1.0,47.1591,147.8333,6,1.1193,7.3864,30,1.0,343,12.7703,42.2638,62.6822,342,98.8304,4.6902,12.1731
2025,COSC-499-W2025,capstone-project-team-20,b61e3c34ed7e94a4e6a7bb2245ddb5593a162aa0,1266,196,6.4516,45.1609,89.6552,7,215.0,43.0,200,68.0,False,29.3921,7,5,29.4629,0.079,0.3868,312,92.6282,11.1297,55.0,2.0,2.0,3.7855,97.5779,97.2318,91.6955,1.5225,1.3564,0.3654,0.0,78.2051,82.3333,6,1.4423,26.6026,29,0.9667,289,2.9019,35.9261,67.8201,229,93.8865,4.9295,18.5037
