cohort_year,org,repo,default_branch,primary_language,size_kb,created_at,pushed_at,is_archived,visibility,clone_url,language_bytes,section,team_key,commit_count,first_commit_date,last_commit_date,head_sha,tracked_file_count
2023,COSC-499-W2023,year-long-project-team-1,master,TypeScript,39881,2023-09-19T20:00:51Z,2024-11-18T01:39:24Z,False,PUBLIC,https://github.com/COSC-499-W2023/year-long-project-team-1.git,"{""CSS"": 10108, ""Dockerfile"": 2952, ""HTML"": 2419, ""JavaScript"": 14655, ""Makefile"": 12142, ""Python"": 72229, ""Shell"": 20047, ""Smarty"": 3147, ""TypeScript"": 377759}",,2023-t1,731,2023-09-19T13:11:47-07:00,2024-04-07T22:12:24-04:00,fa5080c7cb44f981330cb9afc022c70d95fd9de8,338
2023,COSC-499-W2023,year-long-project-team-2,master,HTML,1055521,2023-09-30T19:40:24Z,2024-04-08T08:08:27Z,False,PUBLIC,https://github.com/COSC-499-W2023/year-long-project-team-2.git,"{""C"": 1459, ""C++"": 26289, ""CMake"": 19658, ""CSS"": 9893, ""Dart"": 610685, ""HTML"": 1122534, ""Java"": 670, ""Kotlin"": 251, ""Objective-C"": 39, ""Ruby"": 2880, ""Swift"": 3862}",,2023-t2,919,2023-09-30T13:37:13-07:00,2024-04-08T01:08:25-07:00,d5e74bfc090a638c2c8e0e8f34a3f8d03fa9fe81,603
2023,COSC-499-W2023,year-long-project-team-3,master,TypeScript,56562,2023-09-26T19:54:02Z,2024-04-08T05:17:50Z,False,PUBLIC,https://github.com/COSC-499-W2023/year-long-project-team-3.git,"{""CSS"": 2741, ""HTML"": 423, ""JavaScript"": 1138, ""Python"": 3928, ""TypeScript"": 572780}",,2023-t3,2027,2023-09-26T19:54:05Z,2024-04-07T22:17:50-07:00,90ef366da13bda98a11fdd7d7433ea8ff25d21e9,488
2023,COSC-499-W2023,year-long-project-team-4,master,CSS,269874,2023-09-26T20:23:55Z,2024-04-10T06:28:35Z,False,PUBLIC,https://github.com/COSC-499-W2023/year-long-project-team-4.git,"{""CSS"": 282462, ""HTML"": 1051, ""JavaScript"": 95546, ""Python"": 146302, ""SCSS"": 225}",,2023-t4,781,2023-09-26T20:23:57Z,2024-04-09T23:28:33-07:00,06ed5d07cb18c6a7870df78cfd07371b0af36152,131
2023,COSC-499-W2023,year-long-project-team-5,master,JavaScript,33731,2023-09-18T22:17:13Z,2024-04-08T06:59:19Z,False,PUBLIC,https://github.com/COSC-499-W2023/year-long-project-team-5.git,"{""CSS"": 16470, ""HTML"": 44129, ""JavaScript"": 236659}",,2023-t5,1003,2023-09-18T22:17:15Z,2024-04-07T23:59:17-07:00,b31d512b46c737d10ada0029f9eceb5bda29edc0,247
2023,COSC-499-W2023,year-long-project-team-6,master,JavaScript,440330,2023-09-26T19:59:00Z,2024-04-09T00:16:09Z,False,PUBLIC,https://github.com/COSC-499-W2023/year-long-project-team-6.git,"{""CSS"": 33773, ""Dockerfile"": 497, ""HTML"": 1721, ""JavaScript"": 189091, ""PHP"": 1054, ""Python"": 6592}",,2023-t6,440,2023-09-26T19:59:03Z,2024-04-07T18:24:30-07:00,85acece8fa95bf7323a0480c02535b0149f672f3,46728
2023,COSC-499-W2023,year-long-project-team-7,master,Python,123659,2023-09-19T19:37:00Z,2024-04-16T01:06:07Z,False,PUBLIC,https://github.com/COSC-499-W2023/year-long-project-team-7.git,"{""Batchfile"": 772, ""CSS"": 13687, ""Dockerfile"": 122, ""HTML"": 82822, ""JavaScript"": 6267, ""Python"": 166850, ""Shell"": 852}",,2023-t7,929,2023-09-19T19:37:03Z,2024-04-15T18:06:05-07:00,ba7bbb2b8d1fbead2e70b2579f6dc66bb90798ba,321
2023,COSC-499-W2023,year-long-project-team-8,master,JavaScript,64510,2023-09-19T20:13:03Z,2024-04-08T05:38:31Z,False,PUBLIC,https://github.com/COSC-499-W2023/year-long-project-team-8.git,"{""Batchfile"": 451, ""HTML"": 471, ""JavaScript"": 428699, ""Python"": 90810, ""Shell"": 309, ""TypeScript"": 3664}",,2023-t8,962,2023-09-19T20:13:05Z,2024-04-07T22:38:28-07:00,b6e194eabf4dea90d67301853e21058674123da7,492
2023,COSC-499-W2023,year-long-project-team-9,master,TypeScript,310901,2023-09-26T19:54:45Z,2024-04-12T18:36:02Z,False,PUBLIC,https://github.com/COSC-499-W2023/year-long-project-team-9.git,"{""CSS"": 4297, ""Dockerfile"": 628, ""JavaScript"": 68174, ""Python"": 14898, ""TypeScript"": 586405}",,2023-t9,1984,2023-09-26T19:54:47Z,2024-04-12T11:35:59-07:00,baa321ed6e2bf497cfb8edf1bec516a6e56577e4,667
2023,COSC-499-W2023,year-long-project-team-10,master,JavaScript,17922,2023-09-19T20:23:57Z,2024-04-09T22:06:48Z,False,PUBLIC,https://github.com/COSC-499-W2023/year-long-project-team-10.git,"{""CSS"": 1659, ""JavaScript"": 177562, ""TypeScript"": 143696}",,2023-t10,691,2023-09-19T20:23:59Z,2024-04-09T15:06:45-07:00,bc2628321b22f89af090876a25d7f978f8ec6f85,241
2023,COSC-499-W2023,year-long-project-team-11,master,JavaScript,6193,2023-09-26T19:31:13Z,2024-04-11T19:41:13Z,False,PUBLIC,https://github.com/COSC-499-W2023/year-long-project-team-11.git,"{""CSS"": 1137, ""Dockerfile"": 412, ""HTML"": 3983, ""JavaScript"": 93552, ""Python"": 69205}",,2023-t11,486,2023-09-26T19:31:15Z,2024-04-11T12:41:11-07:00,8348bac4c81b5562c61a1f3095e26dde1697744f,105
2023,COSC-499-W2023,year-long-project-team-12,master,JavaScript,29061,2023-09-21T20:13:32Z,2024-07-12T18:56:50Z,False,PUBLIC,https://github.com/COSC-499-W2023/year-long-project-team-12.git,"{""CSS"": 3109, ""Dockerfile"": 1254, ""HTML"": 2008, ""Java"": 94916, ""JavaScript"": 176390, ""SCSS"": 46996}",,2023-t12,618,2023-09-21T20:13:35Z,2024-07-12T11:56:50-07:00,395810ffffcc26e2d77a676415086291e52bee81,338
2023,COSC-499-W2023,year-long-project-team-13,master,Python,472452,2023-09-28T19:32:51Z,2024-04-09T01:20:45Z,False,PUBLIC,https://github.com/COSC-499-W2023/year-long-project-team-13.git,"{""Batchfile"": 1602, ""CSS"": 208821, ""HTML"": 287952, ""JavaScript"": 295221, ""PowerShell"": 18932, ""Python"": 18796838}",,2023-t13,1242,2023-09-28T19:32:53Z,2024-04-08T10:08:54-07:00,a1c398906b52d8a461ae97b10ea496d53bfbdabd,8727
2023,COSC-499-W2023,year-long-project-team-14,master,C#,700028,2023-09-28T20:06:03Z,2024-04-08T04:28:32Z,False,PUBLIC,https://github.com/COSC-499-W2023/year-long-project-team-14.git,"{""C#"": 1997139, ""HLSL"": 16887, ""ShaderLab"": 86823, ""Shell"": 165}",,2023-t14,1332,2023-09-28T20:06:05Z,2024-04-08T03:04:42+03:00,cecc5dd43822cf28bcee1bda2ae37404d2fba6fe,3981
2023,COSC-499-W2023,year-long-project-team-15,master,JavaScript,112906,2023-09-25T03:14:55Z,2024-04-10T01:24:14Z,False,PUBLIC,https://github.com/COSC-499-W2023/year-long-project-team-15.git,"{""CSS"": 2178, ""HTML"": 2011, ""JavaScript"": 251303}",,2023-t15,194,2023-09-25T03:14:58Z,2024-04-07T23:51:05-07:00,ca01efde823b6353604921034c514d1bc63c17db,262
2023,COSC-499-W2023,year-long-project-team-16,master,HTML,23070,2023-09-26T19:19:23Z,2024-04-09T01:11:31Z,False,PUBLIC,https://github.com/COSC-499-W2023/year-long-project-team-16.git,"{""CSS"": 89342, ""Dockerfile"": 532, ""HTML"": 125878, ""JavaScript"": 7223, ""Python"": 89473}",,2023-t16,557,2023-09-26T19:19:25Z,2024-04-08T18:11:29-07:00,5729eb36e81c0c1031557dfd4b86419576d82098,964
2023,COSC-499-W2023,year-long-project-team-17,master,Python,277788,2023-09-28T20:02:15Z,2024-04-11T15:24:46Z,False,PUBLIC,https://github.com/COSC-499-W2023/year-long-project-team-17.git,"{""C"": 85616, ""CSS"": 181620, ""Cython"": 56117, ""HTML"": 340575, ""JavaScript"": 273497, ""PowerShell"": 9033, ""Python"": 19902425, ""Roff"": 7889, ""Shell"": 6927}",,2023-t17,445,2023-09-28T20:02:17Z,2024-04-11T08:24:43-07:00,ad836684ef505bc15705fccd550d590792efc5a3,8349
2023,COSC-499-W2023,year-long-project-team-18,master,TypeScript,44256,2023-09-25T02:17:26Z,2024-04-11T06:53:49Z,False,PUBLIC,https://github.com/COSC-499-W2023/year-long-project-team-18.git,"{""CSS"": 5394, ""Dockerfile"": 498, ""HTML"": 30827, ""JavaScript"": 2185, ""PHP"": 6153, ""Python"": 22600, ""SCSS"": 17417, ""TypeScript"": 89375}",,2023-t18,510,2023-09-24T19:21:54-07:00,2024-04-06T20:49:26-07:00,82fa5c6b552b6a1d70fab749ca3338ae623c0645,239
2023,COSC-499-W2023,year-long-project-team-19,master,C#,268597,2023-09-28T04:01:55Z,2024-04-10T21:34:12Z,False,PUBLIC,https://github.com/COSC-499-W2023/year-long-project-team-19.git,"{""C#"": 6305774, ""CSS"": 15273, ""HLSL"": 27988, ""HTML"": 18135, ""JavaScript"": 96998, ""PHP"": 16793, ""ShaderLab"": 166454}",,2023-t19,682,2023-09-28T04:01:59Z,2024-04-10T14:34:11-07:00,4c988e18635735a086dbe390071caf77becc7835,7685
2023,COSC-499-W2023,year-long-project-team-20,master,JavaScript,4239,2023-09-26T19:58:50Z,2024-04-08T07:09:43Z,False,PUBLIC,https://github.com/COSC-499-W2023/year-long-project-team-20.git,"{""CSS"": 12032, ""HTML"": 1719, ""JavaScript"": 674886}",,2023-t20,404,2023-09-26T19:58:53Z,2024-04-08T00:09:40-07:00,834d931f804a0e387e2978bba43e4d3e22063d7d,218
2023,COSC-499-W2023,year-long-project-team-21,master,TypeScript,28895,2023-10-01T20:21:44Z,2024-04-09T06:18:29Z,False,PUBLIC,https://github.com/COSC-499-W2023/year-long-project-team-21.git,"{""Dockerfile"": 479, ""HTML"": 458, ""Java"": 7332, ""JavaScript"": 3043, ""Objective-C"": 2325, ""Objective-C++"": 765, ""Python"": 159051, ""Ruby"": 3128, ""Shell"": 465, ""TypeScript"": 343154}",,2023-t21,1105,2023-10-01T16:33:24-07:00,2024-04-08T23:18:27-07:00,a433a2dd933f1b1c5c9253e0af1d98594d8dd501,356
2023,COSC-499-W2023,year-long-project-team-22,master,JavaScript,81695,2023-09-26T19:43:20Z,2024-04-08T05:47:32Z,False,PUBLIC,https://github.com/COSC-499-W2023/year-long-project-team-22.git,"{""CSS"": 29835, ""Dockerfile"": 497, ""HTML"": 1721, ""Java"": 61363, ""JavaScript"": 95306, ""Python"": 6346}",,2023-t22,489,2023-09-26T19:43:23Z,2024-04-07T22:47:32-07:00,3c09911ad3ee94aafa7ddee91d807df2455ae5c5,336
2024,COSC-499-W2024,capstone-project-team-1-003,master,JavaScript,38882,2024-09-24T22:35:15Z,2025-04-07T06:28:22Z,False,PRIVATE,https://github.com/COSC-499-W2024/capstone-project-team-1-003.git,"{""CSS"": 989, ""Dockerfile"": 3122, ""Go"": 8650, ""HTML"": 1716, ""JavaScript"": 442979, ""Jupyter Notebook"": 292958, ""Python"": 92603}",003,2024-t1-003,781,2024-09-05T18:56:49Z,2025-04-06T23:28:22-07:00,7d0b0d9ec46756f02ef885dde3eb912ee9b2c81a,236
2024,COSC-499-W2024,capstone-project-team-04-003,development,C#,16234,2024-09-19T19:39:32Z,2025-04-07T06:58:50Z,False,PRIVATE,https://github.com/COSC-499-W2024/capstone-project-team-04-003.git,"{""C#"": 902397, ""CSS"": 49041, ""Dockerfile"": 846, ""HTML"": 50704, ""JavaScript"": 3010, ""SCSS"": 16131, ""TypeScript"": 378349}",003,2024-t4-003,857,2024-09-05T18:56:49Z,2025-04-06T23:54:49-07:00,1ed7bdf803087c69e47c85fd87758ab12f87bd05,841
2024,COSC-499-W2024,capstone-project-team-10-002,master,C#,52613,2024-09-22T20:19:01Z,2025-04-14T15:31:16Z,False,PRIVATE,https://github.com/COSC-499-W2024/capstone-project-team-10-002.git,"{""C#"": 843961, ""CSS"": 172125, ""Dockerfile"": 2402, ""HTML"": 200497, ""JavaScript"": 3178, ""SCSS"": 5240, ""TSQL"": 56, ""TypeScript"": 593313}",002,2024-t10-002,1123,2024-09-05T18:56:49Z,2025-04-10T02:28:30-04:00,2bc77f83dcb30b2385603adc04148b16ceacd4df,826
2024,COSC-499-W2024,capstone-project-team-11-003,master,C#,145323,2024-09-19T22:43:39Z,2025-04-07T07:13:26Z,False,PRIVATE,https://github.com/COSC-499-W2024/capstone-project-team-11-003.git,"{""C#"": 333154, ""CSS"": 58611, ""HTML"": 118783, ""JavaScript"": 3651, ""Shell"": 615, ""TSQL"": 377, ""TypeScript"": 299890}",003,2024-t11-003,707,2024-09-05T18:56:49Z,2025-04-07T00:05:36-07:00,e2728bc2f21fd6edf15b2e430229093600aed2aa,410
2024,COSC-499-W2024,capstone-project-team-12-003,master,JavaScript,87514,2024-09-28T20:20:42Z,2025-07-04T07:39:41Z,False,PRIVATE,https://github.com/COSC-499-W2024/capstone-project-team-12-003.git,"{""CSS"": 10256, ""Dockerfile"": 313, ""HTML"": 42711, ""JavaScript"": 180704, ""Python"": 40629}",003,2024-t12-003,248,2024-09-05T18:56:49Z,2025-04-11T21:13:34-07:00,fa0ada75e118044031920d5ad872d647a91ecca3,28833
2024,COSC-499-W2024,capstone-project-team-2-002,master,TypeScript,66198,2024-09-23T05:30:55Z,2025-04-07T03:25:04Z,False,PRIVATE,https://github.com/COSC-499-W2024/capstone-project-team-2-002.git,"{""CSS"": 1976, ""Dockerfile"": 1037, ""JavaScript"": 6954, ""Mako"": 494, ""Python"": 309983, ""Shell"": 220, ""TypeScript"": 314356}",002,2024-t2-002,1371,2024-09-05T18:56:49Z,2025-04-06T19:54:54-07:00,9e62a1023c86501a6a233fc574337843779b1eef,218
2024,COSC-499-W2024,capstone-project-team-2-003-1,master,TypeScript,39820,2024-09-28T22:42:45Z,2025-04-11T01:23:05Z,False,PRIVATE,https://github.com/COSC-499-W2024/capstone-project-team-2-003-1.git,"{""CSS"": 3392, ""Dockerfile"": 510, ""JavaScript"": 129228, ""TypeScript"": 372677}",003,2024-t2-003,404,2024-09-05T18:56:49Z,2025-04-06T23:56:54-07:00,93dd67bd92ddd7b31112852adeb261c15879c116,152
2024,COSC-499-W2024,capstone-project-team-3-002,master,TypeScript,49067,2024-09-25T22:36:36Z,2025-04-10T04:23:53Z,False,PRIVATE,https://github.com/COSC-499-W2024/capstone-project-team-3-002.git,"{""CSS"": 5559, ""Dockerfile"": 2568, ""JavaScript"": 386118, ""TypeScript"": 415120}",002,2024-t3-002,595,2024-09-05T18:56:49Z,2025-04-09T21:23:53-07:00,28889e5e1af2bc84216a0fc8b4f770523079e2c5,237
2024,COSC-499-W2024,capstone-project-team-3-003,master,TypeScript,18807,2024-09-19T15:55:36Z,2025-04-10T06:41:41Z,False,PRIVATE,https://github.com/COSC-499-W2024/capstone-project-team-3-003.git,"{""CSS"": 1859, ""Dockerfile"": 6098, ""JavaScript"": 120051, ""TypeScript"": 321587}",003,2024-t3-003,977,2024-09-05T18:56:49Z,2025-04-09T23:41:40-07:00,df83f8ce13ae6a305a91c8380190744c1c863284,258
2024,COSC-499-W2024,capstone-project-team-4-002,master,JavaScript,335658,2024-09-25T23:05:38Z,2025-04-09T16:44:49Z,False,PRIVATE,https://github.com/COSC-499-W2024/capstone-project-team-4-002.git,"{""CSS"": 33057, ""Dockerfile"": 1445, ""EJS"": 74636, ""JavaScript"": 221936, ""Python"": 121292}",002,2024-t4-002,606,2024-09-05T18:56:49Z,2025-04-09T09:44:48-07:00,b20a5766e5245a0777eb615582015404dcc88eac,835
2024,COSC-499-W2024,capstone-project-team-5-002,master,Jupyter Notebook,57100,2024-09-23T22:25:31Z,2025-10-26T21:55:52Z,False,PUBLIC,https://github.com/COSC-499-W2024/capstone-project-team-5-002.git,"{""CSS"": 27430, ""Dockerfile"": 436, ""HTML"": 1721, ""JavaScript"": 269804, ""Jupyter Notebook"": 677254, ""Python"": 330097}",002,2024-t5-002,827,2024-09-05T18:56:49Z,2025-04-09T20:56:23-07:00,29e4b44d36bb0068990217dba39e2dbdee9508f7,646
2024,COSC-499-W2024,capstone-project-team-5-003,master,JavaScript,129278,2024-09-23T06:42:38Z,2026-02-24T16:48:29Z,False,PRIVATE,https://github.com/COSC-499-W2024/capstone-project-team-5-003.git,"{""CSS"": 80256, ""Dockerfile"": 436, ""HTML"": 15400, ""JavaScript"": 5024754, ""Python"": 29612}",003,2024-t5-003,975,2024-09-05T18:56:49Z,2026-02-24T08:48:29-08:00,6ee182a67e76e25c0066d7bccc8ba0638c7c57e3,820
2024,COSC-499-W2024,capstone-project-team-6-003,master,C#,17319,2024-09-20T04:56:14Z,2025-04-09T19:31:35Z,False,PRIVATE,https://github.com/COSC-499-W2024/capstone-project-team-6-003.git,"{""C#"": 590287, ""CSS"": 43432, ""Dockerfile"": 1399, ""HTML"": 42833, ""JavaScript"": 3052, ""Shell"": 265, ""TypeScript"": 391182}",003,2024-t6-003,1136,2024-09-05T18:56:49Z,2025-04-09T12:31:34-07:00,390cfaf2f11707453467f54e18799a7cb21986f0,690
2024,COSC-499-W2024,capstone-project-team-7-1,master,TypeScript,31204,2024-09-30T06:23:33Z,2025-05-26T20:22:11Z,False,PRIVATE,https://github.com/COSC-499-W2024/capstone-project-team-7-1.git,"{""CSS"": 17979, ""Dockerfile"": 5421, ""JavaScript"": 181265, ""PLpgSQL"": 394, ""Python"": 27008, ""Shell"": 264, ""TypeScript"": 822130}",002,2024-t7-002,884,2024-09-05T18:56:49Z,2025-04-10T00:14:42-07:00,02b8f9ea1bd0c404572bc0e15293263589af9d6a,338
2024,COSC-499-W2024,capstone-project-team-8-002,master,Jupyter Notebook,263970,2024-09-26T23:27:47Z,2025-04-10T06:38:17Z,False,PRIVATE,https://github.com/COSC-499-W2024/capstone-project-team-8-002.git,"{""CSS"": 2904, ""Dockerfile"": 344, ""JavaScript"": 98139, ""Jupyter Notebook"": 190926, ""Python"": 78434}",002,2024-t8-002,203,2024-09-05T18:56:49Z,2025-04-09T23:38:16-07:00,1f92ec9343cf3aa0591796167fdd9d5553962cbb,394
2024,COSC-499-W2024,capstone-project-team10-003,master,TypeScript,16541,2024-09-25T22:32:11Z,2025-04-07T06:58:40Z,False,PRIVATE,https://github.com/COSC-499-W2024/capstone-project-team10-003.git,"{""C#"": 400968, ""CSS"": 115882, ""Dockerfile"": 4393, ""HTML"": 156922, ""JavaScript"": 2897, ""TSQL"": 674, ""TypeScript"": 459806}",003,2024-t10-003,419,2024-09-05T18:56:49Z,2025-04-06T23:05:17-07:00,a0c10bad782b894f7e07e04301be4196e871a2fc,634
2024,COSC-499-W2024,capstone-project-team_6_section_002,master,TypeScript,51209,2024-09-24T19:41:53Z,2025-04-10T05:36:42Z,False,PRIVATE,https://github.com/COSC-499-W2024/capstone-project-team_6_section_002.git,"{""Batchfile"": 384, ""CSS"": 4402, ""Dockerfile"": 1019, ""HTML"": 841, ""JavaScript"": 2706, ""Python"": 178422, ""Shell"": 291, ""TypeScript"": 293837}",002,2024-t6-002,205,2024-09-05T18:56:49Z,2025-04-09T22:36:42-07:00,a8599823a28f9bcb94fce002ecf5ee68d9c32612,220
2024,COSC-499-W2024,capstone-project-team_7_003,development,TypeScript,390498,2024-09-25T19:08:45Z,2025-04-10T06:35:54Z,False,PRIVATE,https://github.com/COSC-499-W2024/capstone-project-team_7_003.git,"{""CSS"": 9064, ""Dockerfile"": 1009, ""HTML"": 3703, ""JavaScript"": 26991, ""TypeScript"": 647124}",003,2024-t7-003,720,2024-09-05T18:56:49Z,2025-04-09T22:31:02-07:00,d6696413fc6a28679e38e95fbac318a8dd55c816,227
2024,COSC-499-W2024,capstone-project-team-13-youry-1-003,master,TypeScript,59903,2024-09-19T22:58:42Z,2025-04-07T05:53:01Z,False,PRIVATE,https://github.com/COSC-499-W2024/capstone-project-team-13-youry-1-003.git,"{""C#"": 352913, ""CSS"": 112251, ""Dockerfile"": 2189, ""HTML"": 87412, ""JavaScript"": 5329, ""TypeScript"": 364534}",003,2024-t13-003,627,2024-09-05T18:56:49Z,2025-04-06T19:36:44-07:00,c7574238609e910bdf27e20180bf3ab638f7c249,1392
2024,COSC-499-W2024,capstone-project-team-15-003-,master,C#,118439,2024-09-18T22:26:08Z,2025-04-07T06:12:15Z,False,PRIVATE,https://github.com/COSC-499-W2024/capstone-project-team-15-003-.git,"{""C#"": 379816, ""CSS"": 102040, ""Dockerfile"": 1910, ""HTML"": 97467, ""JavaScript"": 2640, ""TypeScript"": 286370}",003,2024-t15-003,295,2024-09-05T18:56:49Z,2025-04-07T04:58:49Z,6d6a1de6456c3569636b98098b2d5a8a9277fe5b,611
2024,COSC-499-W2024,capstone-project-best-looking-project-team-9-002,master,JavaScript,80296,2024-09-25T22:39:34Z,2025-04-10T06:50:53Z,False,PUBLIC,https://github.com/COSC-499-W2024/capstone-project-best-looking-project-team-9-002.git,"{""Batchfile"": 159, ""CSS"": 59, ""Dockerfile"": 1115, ""HTML"": 385, ""JavaScript"": 183939, ""Jupyter Notebook"": 153655, ""Python"": 20810}",002,2024-t9-002,1080,2024-09-05T18:56:49Z,2025-04-09T23:50:53-07:00,d99dd187956fa1ec94945fd192e70220f42411e4,300
2024,COSC-499-W2024,capstone-project-fellas2-002-team-1,master,TypeScript,25151,2024-09-22T23:30:26Z,2025-04-10T05:39:51Z,False,PRIVATE,https://github.com/COSC-499-W2024/capstone-project-fellas2-002-team-1.git,"{""CSS"": 2691, ""Dockerfile"": 1320, ""EJS"": 27213, ""JavaScript"": 1040, ""TypeScript"": 1007661}",002,2024-t1-002,973,2024-09-05T18:56:49Z,2025-04-07T11:45:28-07:00,ab8aff93fd9c0928a11b9d2fdf39df391807beea,303
2024,COSC-499-W2024,capstone-project-group-11-002,master,JavaScript,169321,2024-09-18T23:27:58Z,2025-04-08T23:19:06Z,False,PRIVATE,https://github.com/COSC-499-W2024/capstone-project-group-11-002.git,"{""CSS"": 85000, ""Dockerfile"": 806, ""HTML"": 49, ""JavaScript"": 465602, ""PowerShell"": 2020, ""Python"": 301404, ""Shell"": 1778}",002,2024-t11-002,428,2024-09-05T18:56:49Z,2025-04-08T16:19:06-07:00,697003c9e56b3025b72b01b8c53bd8757b5b2b28,199
2024,COSC-499-W2024,capstone-project-shingetsu-team-8-003,master,Python,673341,2024-09-19T23:30:37Z,2025-04-07T06:19:48Z,False,PRIVATE,https://github.com/COSC-499-W2024/capstone-project-shingetsu-team-8-003.git,"{""Batchfile"": 447, ""Dockerfile"": 1191, ""HTML"": 5565, ""JavaScript"": 91741, ""Python"": 231712, ""Vue"": 159325}",003,2024-t8-003,534,2024-09-05T18:56:49Z,2025-04-06T23:11:43-07:00,283fa94d7c991b012a87dfa2bf376d6525d262a9,289
2024,COSC-499-W2024,capstone-project-team-9-Order-Of-Aesthetics,master,HTML,243701,2024-09-19T23:10:18Z,2025-04-07T21:57:29Z,False,PRIVATE,https://github.com/COSC-499-W2024/capstone-project-team-9-Order-Of-Aesthetics.git,"{""CSS"": 1958, ""HTML"": 450273, ""JavaScript"": 113428, ""Jupyter Notebook"": 47553, ""Python"": 225458}",,2024-t9,845,2024-09-05T18:56:49Z,2025-04-07T14:57:28-07:00,dfda5644aa460b7f0a9305672646497a7fdbf43a,884
2024,COSC-499-W2024,Capstone-Team16-003,master,JavaScript,43444,2024-09-19T05:25:31Z,2025-04-07T23:42:24Z,False,PRIVATE,https://github.com/COSC-499-W2024/Capstone-Team16-003.git,"{""CSS"": 33345, ""Dockerfile"": 2719, ""HTML"": 574, ""JavaScript"": 319678, ""Shell"": 951}",003,2024-t16-003,424,2024-09-05T18:56:49Z,2025-04-07T00:29:53-07:00,c63f777511bafce82b3dee4c674b260cb410061b,172
2025,COSC-499-W2025,capstone-project-team-1,main,Python,71719,2025-09-15T16:41:07Z,2026-04-06T05:46:09Z,False,PUBLIC,https://github.com/COSC-499-W2025/capstone-project-team-1.git,"{""C"": 93, ""JavaScript"": 50, ""Mako"": 704, ""Python"": 1050047, ""Shell"": 2924, ""TypeScript"": 400637}",,2025-t1,1097,2025-08-26T22:28:55Z,2026-04-05T22:46:09-07:00,c1f6d7fe510300cf2f24cff50a95367b9264c32f,341
2025,COSC-499-W2025,capstone-project-team-2,main,Python,74802,2025-09-15T16:42:14Z,2026-03-30T06:53:57Z,False,PUBLIC,https://github.com/COSC-499-W2025/capstone-project-team-2.git,"{""C"": 13304, ""CSS"": 77450, ""Java"": 4110, ""JavaScript"": 328522, ""Python"": 1151521}",,2025-t2,2233,2025-08-26T22:28:55Z,2026-03-29T23:53:56-07:00,91400188e01713ae81b582d2506f39dc13371fb7,369
2025,COSC-499-W2025,capstone-project-team-3,main,JavaScript,93976,2025-09-16T20:03:45Z,2026-04-01T23:55:39Z,False,PUBLIC,https://github.com/COSC-499-W2025/capstone-project-team-3.git,"{""CSS"": 261009, ""Dockerfile"": 2323, ""HTML"": 36446, ""JavaScript"": 6262372, ""Python"": 1557893, ""Shell"": 874, ""TypeScript"": 904134}",,2025-t3,1939,2025-08-26T22:28:55Z,2026-04-01T16:55:39-07:00,22b9f56662d5af71c4aba97c659de4cd080b16e1,727
2025,COSC-499-W2025,capstone-project-team-4,development,Python,70889,2025-09-15T16:43:23Z,2026-03-30T06:35:50Z,False,PUBLIC,https://github.com/COSC-499-W2025/capstone-project-team-4.git,"{""CSS"": 5116, ""Dockerfile"": 1910, ""HTML"": 15321, ""JavaScript"": 602873, ""Makefile"": 3637, ""Python"": 1130430}",,2025-t4,980,2025-08-26T22:28:55Z,2026-03-29T23:35:50-07:00,775f414e0cf419e9bd076652758dcd1c192d364f,643
2025,COSC-499-W2025,capstone-project-team-5,main,Python,5261,2025-09-15T16:43:50Z,2026-04-20T06:56:32Z,False,PUBLIC,https://github.com/COSC-499-W2025/capstone-project-team-5.git,"{""CSS"": 3607, ""Dockerfile"": 1246, ""HTML"": 292, ""JavaScript"": 486960, ""Python"": 1528010}",,2025-t5,915,2025-08-26T22:28:55Z,2026-03-30T00:02:13-07:00,c17085e474f4b46f2eb6a5273e3eea1b1719b840,297
2025,COSC-499-W2025,capstone-project-team-6,main,Python,35274,2025-09-15T16:43:09Z,2026-06-16T13:51:11Z,False,PUBLIC,https://github.com/COSC-499-W2025/capstone-project-team-6.git,"{""Batchfile"": 2468, ""C++"": 1406, ""Dockerfile"": 1693, ""HTML"": 1328, ""Java"": 6096, ""JavaScript"": 703718, ""Python"": 1868861, ""Shell"": 3860}",,2025-t6,1250,2025-08-26T22:28:55Z,2026-06-16T09:51:11-04:00,ab282000d68de5e15ff04179b69f358b5f9f60df,268
2025,COSC-499-W2025,capstone-project-team-7,main,Python,27955,2025-09-15T16:43:14Z,2026-04-12T02:09:28Z,False,PUBLIC,https://github.com/COSC-499-W2025/capstone-project-team-7.git,"{""CSS"": 28647, ""Dockerfile"": 653, ""Java"": 36767, ""JavaScript"": 303462, ""PLpgSQL"": 44431, ""Python"": 2627116, ""Shell"": 20264, ""TypeScript"": 1645921}",,2025-t7,1474,2025-08-26T22:28:55Z,2026-04-06T16:14:05-07:00,285ac72497e483e8bb508805fc4840e82e509410,767
2025,COSC-499-W2025,capstone-project-team-8,main,Python,103508,2025-09-15T16:41:50Z,2026-03-30T06:47:40Z,False,PUBLIC,https://github.com/COSC-499-W2025/capstone-project-team-8.git,"{""CSS"": 62747, ""Dockerfile"": 2101, ""JavaScript"": 568724, ""Python"": 1332392, ""Shell"": 3427}",,2025-t8,1258,2025-08-26T22:28:55Z,2026-03-30T06:11:04Z,32b9bbc7d76eec7d5a21b1d016f05a9ac262f5e5,449
2025,COSC-499-W2025,capstone-project-team-9,main,Python,32698,2025-09-15T16:42:50Z,2026-04-07T20:09:03Z,False,PUBLIC,https://github.com/COSC-499-W2025/capstone-project-team-9.git,"{""CSS"": 85276, ""Dockerfile"": 722, ""HTML"": 331946, ""JavaScript"": 29320, ""Python"": 1500899, ""Shell"": 362}",,2025-t9,931,2025-08-26T22:28:55Z,2026-04-07T13:09:03-07:00,5d47a8ffc8e90659e0fbceb637d9b2cb07a32de3,257
2025,COSC-499-W2025,capstone-project-team-10,main,Python,118454,2025-09-15T16:42:00Z,2026-04-11T00:31:12Z,False,PUBLIC,https://github.com/COSC-499-W2025/capstone-project-team-10.git,"{""Batchfile"": 1173, ""Python"": 591768, ""Shell"": 949}",,2025-t10,649,2025-08-26T22:28:55Z,2026-04-10T17:31:10-07:00,a3cd949246d1bf1af382eab84e57acaac6123077,230
2025,COSC-499-W2025,capstone-project-team-11,main,Python,129889,2025-09-15T16:42:00Z,2026-03-30T05:46:59Z,False,PUBLIC,https://github.com/COSC-499-W2025/capstone-project-team-11.git,"{""CSS"": 68395, ""Dockerfile"": 781, ""HTML"": 224, ""JavaScript"": 311788, ""Python"": 893430}",,2025-t11,625,2025-08-26T22:28:55Z,2026-03-29T22:46:59-07:00,33b89cc9dab9d269e1b301a9c28c87efd5a494a4,132
2025,COSC-499-W2025,capstone-project-team-12,main,Python,169629,2025-09-15T16:42:51Z,2026-03-30T06:07:46Z,False,PUBLIC,https://github.com/COSC-499-W2025/capstone-project-team-12.git,"{""C++"": 2970, ""CSS"": 1765, ""Dockerfile"": 1972, ""HTML"": 374, ""JavaScript"": 616, ""Python"": 793423, ""TypeScript"": 385997}",,2025-t12,1344,2025-08-26T22:28:55Z,2026-03-30T01:23:57+05:30,a0e99146da7c199f324669a79bacb8d253fe6db5,222
2025,COSC-499-W2025,capstone-project-team-13,main,Python,133779,2025-09-15T16:41:33Z,2026-03-30T22:33:33Z,False,PUBLIC,https://github.com/COSC-499-W2025/capstone-project-team-13.git,"{""CSS"": 192572, ""HTML"": 16543, ""JavaScript"": 646447, ""Python"": 1558095}",,2025-t13,919,2025-08-26T22:28:55Z,2026-03-29T23:53:20-07:00,13a169e0420d87f3841a7097a7cf441e45f99502,307
2025,COSC-499-W2025,capstone-project-team-14,main,Python,171907,2025-09-15T16:42:25Z,2026-03-30T06:54:52Z,False,PUBLIC,https://github.com/COSC-499-W2025/capstone-project-team-14.git,"{""Batchfile"": 2355, ""C"": 11, ""C++"": 43, ""CSS"": 66130, ""Dockerfile"": 880, ""HTML"": 505, ""Java"": 28, ""JavaScript"": 113, ""Kotlin"": 13, ""Makefile"": 18, ""Objective-C"": 28, ""Python"": 1648466, ""Shell"": 9850, ""Swift"": 13, ""TeX"": 4339, ""TypeScript"": 255260}",,2025-t14,590,2025-08-26T22:28:55Z,2026-03-29T23:49:56-07:00,d69f6eced6beb074f97008befb69856bb5b508a2,350
2025,COSC-499-W2025,capstone-project-team-15,main,Python,33954,2025-09-15T16:35:17Z,2026-03-30T01:16:55Z,False,PUBLIC,https://github.com/COSC-499-W2025/capstone-project-team-15.git,"{""CSS"": 45915, ""Dockerfile"": 136, ""HTML"": 2764, ""JavaScript"": 281625, ""Mako"": 421, ""Python"": 594037}",,2025-t15,545,2025-08-26T22:28:55Z,2026-03-29T18:03:51-07:00,228e5c564c1111c77669e2fa2fe89cf9c195ed72,140
2025,COSC-499-W2025,capstone-project-team-16,main,Python,8226,2025-09-17T16:32:29Z,2026-03-30T06:53:01Z,False,PUBLIC,https://github.com/COSC-499-W2025/capstone-project-team-16.git,"{""Batchfile"": 1010, ""CSS"": 6041, ""Dockerfile"": 655, ""HTML"": 543, ""JavaScript"": 104777, ""Python"": 386345, ""Shell"": 1247}",,2025-t16,300,2025-08-26T22:28:55Z,2026-03-29T23:53:01-07:00,9bddb299ba94f852d0b090b54494e1c778a36aa2,131
2025,COSC-499-W2025,capstone-project-team-17-1,main,Python,53793,2025-09-22T17:34:27Z,2026-04-12T19:36:43Z,False,PUBLIC,https://github.com/COSC-499-W2025/capstone-project-team-17-1.git,"{""CSS"": 225086, ""Dockerfile"": 184, ""HTML"": 39593, ""JavaScript"": 666541, ""PowerShell"": 1724, ""Python"": 1511838, ""Shell"": 1753, ""TeX"": 2219, ""TypeScript"": 50}",,2025-t17,934,2025-08-26T22:28:55Z,2026-04-05T20:10:42-07:00,bb0aa42319bd05ff1aef6a9119b901c2b368f9e3,335
2025,COSC-499-W2025,capstone-project-team-18,main,Python,151688,2025-09-15T16:41:35Z,2026-04-06T18:01:20Z,False,PUBLIC,https://github.com/COSC-499-W2025/capstone-project-team-18.git,"{""CSS"": 5470, ""Dockerfile"": 316, ""HTML"": 819, ""Java"": 927, ""JavaScript"": 2701, ""Python"": 1465090, ""Shell"": 296, ""TypeScript"": 483016}",,2025-t18,1503,2025-08-26T22:28:55Z,2026-04-06T18:01:18Z,0e0c4f92cb3ae5dd95f59e3fdf1916e218e42547,295
2025,COSC-499-W2025,capstone-project-team-19,main,Python,183006,2025-09-17T01:24:16Z,2026-04-13T06:42:07Z,False,PUBLIC,https://github.com/COSC-499-W2025/capstone-project-team-19.git,"{""CSS"": 32797, ""HTML"": 357, ""JavaScript"": 616, ""Python"": 2449321, ""TypeScript"": 834528}",,2025-t19,1979,2025-08-26T22:28:55Z,2026-03-30T00:51:52-07:00,c0ec5f88fac4de9a784ff86bdc95360c3a6a5b88,627
2025,COSC-499-W2025,capstone-project-team-20,main,Python,53199,2025-09-15T16:36:41Z,2026-04-07T15:34:15Z,False,PUBLIC,https://github.com/COSC-499-W2025/capstone-project-team-20.git,"{""CSS"": 23971, ""Dockerfile"": 408, ""HTML"": 10580, ""JavaScript"": 302921, ""Python"": 830454, ""TeX"": 8205}",,2025-t20,951,2025-08-26T22:28:55Z,2026-04-05T20:21:30-07:00,b61e3c34ed7e94a4e6a7bb2245ddb5593a162aa0,169
