cohort_year,org,repo,section,team_key,commit_sha,snapshot_date,sq_analysis_date,sq_bugs,sq_classes,sq_code_smells,sq_cognitive_complexity,sq_comment_lines,sq_comment_lines_density,sq_comment_pct_pdf,sq_complexity,sq_complexity_per_function,sq_duplicated_blocks,sq_duplicated_lines_density,sq_files,sq_functions,sq_issues_impact_blocker,sq_issues_impact_high,sq_issues_impact_info,sq_issues_impact_low,sq_issues_impact_medium,sq_issues_per_kloc,sq_issues_sev_blocker,sq_issues_sev_critical,sq_issues_sev_info,sq_issues_sev_major,sq_issues_sev_minor,sq_lines,sq_ncloc,sq_ncloc_language_distribution,sq_py_classes,sq_py_comment_lines,sq_py_comment_pct_pdf,sq_py_complexity,sq_py_file_complexity_max,sq_py_files,sq_py_functions,sq_py_ncloc,sq_reliability_rating,sq_scan_notes,sq_scan_status,sq_security_hotspots,sq_security_rating,sq_software_quality_blocker_issues,sq_software_quality_high_issues,sq_software_quality_info_issues,sq_software_quality_low_issues,sq_software_quality_maintainability_debt_ratio,sq_software_quality_maintainability_issues,sq_software_quality_maintainability_rating,sq_software_quality_medium_issues,sq_software_quality_reliability_issues,sq_software_quality_security_issues,sq_sqale_debt_ratio,sq_sqale_index,sq_sqale_rating,sq_statements,sq_violations,sq_vulnerabilities,python_file_count,py_excluded_files,py_cc_blocks,py_cc_avg,py_cc_max,py_mi_avg,py_sloc,py_comments,py_comment_pct,py_pylint_score,py_pylint_score_excl_fatal,py_pylint_fatal_files,py_bandit_high,py_bandit_medium,py_bandit_low,py_parse_errors,py_notes
2023,COSC-499-W2023,year-long-project-team-1,,2023-t1,fa5080c7cb44f981330cb9afc022c70d95fd9de8,2024-04-07T22:12:24-04:00,2026-09-23T19:57:59-0700,6,14.0,335,706.0,990,7.5,8.0612,1315,1.9253,11,1.8,182,683.0,6,21,6,194,143,28.825,6,12,6,133,197,17002,12281,<null>=79;css=292;docker=75;js=360;py=945;ts=9875;web=92;yaml=563,12.0,472.0,49.9471,198.0,53.0,13,107.0,945.0,5.0,,ok,0,4.0,6,21,6,194,0.6,333,1.0,143,40,13,0.6,2093,1.0,3341.0,354,13,13,0,119.0,2.7731,18.0,72.8225,938.0,340.0,36.2473,4.82,4.82,0.0,1.0,5.0,74.0,0.0,
2023,COSC-499-W2023,year-long-project-team-10,,2023-t10,bc2628321b22f89af090876a25d7f978f8ec6f85,2024-04-09T15:06:45-07:00,2026-09-23T19:58:28-0700,21,0.0,184,565.0,562,6.2,6.6368,1018,2.036,76,21.6,123,500.0,5,18,0,123,101,25.6259,5,18,0,92,102,10296,8468,<null>=17;css=74;js=4018;ts=4359,,,,,,0,,,3.0,,ok,0,5.0,5,18,0,123,0.3,162,1.0,101,75,12,0.4,990,1.0,2559.0,217,12,0,0,,,,,,,,,,,,,,,no tracked Python files
2023,COSC-499-W2023,year-long-project-team-11,,2023-t11,8348bac4c81b5562c61a1f3095e26dde1697744f,2024-04-11T12:41:11-07:00,2026-09-23T19:58:33-0700,6,23.0,102,351.0,327,8.4,9.1854,408,1.8378,41,12.1,56,222.0,1,17,1,74,71,33.9888,1,17,1,71,31,4339,3560,css=54;docker=14;js=2107;py=1302;web=83,23.0,155.0,11.9048,143.0,88.0,26,49.0,1302.0,3.0,,ok,0,5.0,1,17,1,74,0.7,102,1.0,71,52,13,0.7,720,1.0,1428.0,121,13,26,0,69.0,3.058,26.0,90.9199,1266.0,140.0,11.0585,5.4,5.4,0.0,0.0,2.0,9.0,0.0,
2023,COSC-499-W2023,year-long-project-team-12,,2023-t12,395810ffffcc26e2d77a676415086291e52bee81,2024-07-12T11:56:50-07:00,2026-09-23T19:58:38-0700,25,70.0,222,214.0,275,1.4,1.3699,845,1.2803,15,1.3,180,660.0,4,13,35,140,77,12.6526,4,11,35,77,127,22182,20075,css=1931;docker=34;java=2355;js=4522;web=10940;xml=249;yaml=44,,,,,,0,,,3.0,,ok,0,4.0,4,13,35,140,0.2,210,1.0,77,55,7,0.2,1300,1.0,2084.0,254,7,0,0,,,,,,,,,,,,,,,no tracked Python files
2023,COSC-499-W2023,year-long-project-team-13,,2023-t13,a1c398906b52d8a461ae97b10ea496d53bfbdabd,2024-04-08T10:08:54-07:00,2026-09-23T20:06:09-0700,140,65.0,220,747.0,1416,9.4,10.3759,906,2.1623,280,7.9,165,419.0,5,26,0,194,176,27.6251,5,22,0,169,181,40354,13647,css=5060;js=2655;py=3354;web=2578,65.0,834.0,24.8658,286.0,65.0,46,135.0,3354.0,4.0,,ok,0,5.0,5,26,0,194,0.2,178,1.0,176,208,17,0.3,1121,1.0,4546.0,377,17,46,2079,185.0,2.1622,10.0,84.9728,3356.0,780.0,23.242,6.57,6.57,0.0,0.0,1.0,18.0,0.0,2079 vendored .py file(s) excluded
2023,COSC-499-W2023,year-long-project-team-14,,2023-t14,cecc5dd43822cf28bcee1bda2ae37404d2fba6fe,2024-04-07T21:28:29-07:00,2026-09-23T19:58:41-0700,10,,5,,0,0.0,0.0,1,,4,0.1,280,,0,0,0,3,12,0.9658,0,0,0,12,3,73183,15531,web=15509;xml=22,,,,,,0,,,3.0,C# 95% not analysed (C# needs SonarScanner for .NET (not analysed by the CLI scanner)),ok,0,1.0,0,0,0,3,0.0,5,1.0,12,12,0,0.0,25,1.0,,15,0,0,0,,,,,,,,,,,,,,,no tracked Python files
2023,COSC-499-W2023,year-long-project-team-15,,2023-t15,ca01efde823b6353604921034c514d1bc63c17db,2024-04-07T23:51:05-07:00,2026-09-23T19:58:48-0700,1,0.0,24,248.0,180,2.2,2.2118,635,2.055,24,63.1,54,309.0,6,11,0,4,7,3.072,6,0,0,18,1,8569,8138,css=87;js=7465;json=554;web=32,,,,,,0,,,3.0,,ok,0,1.0,6,11,0,4,0.1,24,1.0,7,5,0,0.1,150,1.0,1186.0,25,0,0,0,,,,,,,,,,,,,,,no tracked Python files
2023,COSC-499-W2023,year-long-project-team-16,,2023-t16,5729eb36e81c0c1031557dfd4b86419576d82098,2024-04-08T18:11:29-07:00,2026-09-23T19:58:55-0700,46,3.0,197,249.0,994,10.9,12.1829,251,2.4135,28,6.0,45,104.0,3,27,0,81,188,34.9308,3,19,0,189,74,10279,8159,css=3835;docker=8;js=147;py=1552;web=2532;xml=85,3.0,350.0,22.5515,213.0,185.0,6,90.0,1552.0,4.0,,ok,0,5.0,3,27,0,81,0.4,193,1.0,188,66,42,0.4,963,1.0,1404.0,285,42,6,0,93.0,3.0753,28.0,69.0787,1552.0,316.0,20.3608,5.79,5.79,0.0,1.0,0.0,51.0,0.0,
2023,COSC-499-W2023,year-long-project-team-17,,2023-t17,ad836684ef505bc15705fccd550d590792efc5a3,2024-04-11T08:24:43-07:00,2026-09-23T19:58:58-0700,42,39.0,229,939.0,1217,7.6,8.2738,897,2.1511,104,12.5,130,417.0,1,55,0,102,176,21.1435,1,39,0,179,92,19878,14709,css=3833;js=2087;py=3077;web=5712,39.0,795.0,25.8369,377.0,193.0,46,193.0,3077.0,4.0,,ok,0,5.0,1,55,0,102,0.4,222,1.0,176,76,40,0.4,1613,1.0,3406.0,311,40,46,2120,223.0,2.1031,21.0,92.108,2916.0,556.0,19.0672,4.01,4.01,0.0,0.0,1.0,39.0,0.0,2120 vendored .py file(s) excluded
2023,COSC-499-W2023,year-long-project-team-18,,2023-t18,82fa5c6b552b6a1d70fab749ca3338ae623c0645,2024-04-06T20:49:26-07:00,2026-09-23T19:59:07-0700,48,24.0,200,231.0,206,3.9,4.1028,536,1.4526,2,0.6,107,369.0,14,48,0,114,106,52.38,14,36,0,109,104,6129,5021,css=1073;docker=6;js=349;php=144;py=411;ts=2427;web=605;xml=6,1.0,88.0,21.4112,29.0,11.0,9,13.0,411.0,4.0,,ok,0,5.0,14,48,0,114,0.4,198,1.0,106,69,15,0.5,686,1.0,1405.0,263,15,9,0,14.0,3.1429,7.0,85.5966,423.0,86.0,20.331,5.86,5.86,0.0,0.0,6.0,5.0,0.0,
2023,COSC-499-W2023,year-long-project-team-19,,2023-t19,4c988e18635735a086dbe390071caf77becc7835,2024-04-10T14:34:11-07:00,2026-09-23T19:59:12-0700,8,0.0,119,164.0,272,1.9,1.9295,362,1.8469,30,1.7,1211,196.0,8,0,1,121,43,10.7115,8,0,1,23,119,171711,14097,css=712;js=2832;php=215;web=454;xml=9884,,,,,,0,,,3.0,C# 95% not analysed (C# needs SonarScanner for .NET (not analysed by the CLI scanner)),ok,0,5.0,8,0,1,121,0.2,117,1.0,43,34,24,0.2,1053,1.0,1070.0,151,24,0,0,,,,,,,,,,,,,,,no tracked Python files
2023,COSC-499-W2023,year-long-project-team-2,,2023-t2,d5e74bfc090a638c2c8e0e8f34a3f8d03fa9fe81,2024-04-08T01:08:25-07:00,2026-09-23T19:57:59-0700,553,3.0,2192,0.0,121,0.8,0.8425,107,107.0,543,41.8,121,1.0,0,0,0,1,2746,191.2686,0,0,0,2746,1,15883,14362,css=343;java=13;kotlin=8;web=13858;xml=140,,,,,,0,,,3.0,Dart 34% not supported by Community Edition,ok,0,3.0,0,0,0,1,2.5,2192,1.0,2746,553,2,2.5,10960,1.0,2.0,2747,2,0,0,,,,,,,,,,,,,,,no tracked Python files
2023,COSC-499-W2023,year-long-project-team-20,,2023-t20,834d931f804a0e387e2978bba43e4d3e22063d7d,2024-04-08T00:09:40-07:00,2026-09-23T19:59:16-0700,13,0.0,154,343.0,256,1.3,1.2714,842,1.8753,406,30.7,101,449.0,0,61,0,78,36,8.2936,0,3,0,92,72,21244,20136,css=597;js=19356;json=58;py=105;web=20,0.0,10.0,9.5238,10.0,10.0,1,1.0,105.0,4.0,,ok,0,1.0,0,61,0,78,0.1,153,1.0,36,24,0,0.1,576,1.0,1672.0,167,0,1,0,1.0,13.0,13.0,66.4649,105.0,10.0,9.5238,2.62,2.62,0.0,0.0,0.0,0.0,0.0,
2023,COSC-499-W2023,year-long-project-team-21,,2023-t21,a433a2dd933f1b1c5c9253e0af1d98594d8dd501,2024-04-08T23:18:27-07:00,2026-09-23T19:59:26-0700,6,65.0,125,516.0,3320,23.3,30.3141,1138,1.476,15,2.1,209,771.0,5,20,4,71,51,13.6048,5,20,4,49,71,16145,10952,docker=15;java=138;js=74;py=2575;ts=8087;web=12;xml=51,59.0,1280.0,49.7087,227.0,48.0,61,142.0,2575.0,3.0,,ok,0,5.0,5,20,4,71,0.2,125,1.0,51,8,18,0.2,562,1.0,4164.0,149,18,61,0,197.0,1.9492,9.0,91.589,2581.0,444.0,17.2026,7.05,7.05,0.0,0.0,0.0,58.0,0.0,
2023,COSC-499-W2023,year-long-project-team-22,,2023-t22,3c09911ad3ee94aafa7ddee91d807df2455ae5c5,2024-04-07T22:47:32-07:00,2026-09-23T19:59:30-0700,16,31.0,177,367.0,270,4.6,4.8518,520,1.3131,76,13.1,77,396.0,1,20,1,97,98,37.0171,1,17,1,96,91,6666,5565,<null>=13;css=1450;docker=6;java=1308;js=2504;py=112;web=20;xml=152,0.0,35.0,31.25,12.0,11.0,2,4.0,112.0,4.0,,ok,0,5.0,1,20,1,97,0.5,172,1.0,98,41,13,0.6,930,1.0,1413.0,206,13,2,0,4.0,4.5,7.0,76.6869,112.0,27.0,24.1071,6.89,6.89,0.0,0.0,4.0,0.0,0.0,
2023,COSC-499-W2023,year-long-project-team-3,,2023-t3,90ef366da13bda98a11fdd7d7433ea8ff25d21e9,2024-04-07T22:17:50-07:00,2026-09-23T19:57:59-0700,4,2.0,315,536.0,629,4.8,5.0551,1584,1.5439,89,10.2,193,1026.0,10,6,9,142,162,25.9584,10,4,9,152,148,14904,12443,<null>=75;css=92;js=33;py=63;ts=12167;web=13,2.0,23.0,36.5079,4.0,4.0,1,3.0,63.0,3.0,1 file(s) failed analysis (see log),ok,0,4.0,10,6,9,142,1.0,314,1.0,162,12,4,1.0,3813,1.0,4066.0,323,4,1,0,5.0,2.0,3.0,81.4504,63.0,11.0,17.4603,6.17,6.17,0.0,0.0,0.0,0.0,0.0,
2023,COSC-499-W2023,year-long-project-team-4,,2023-t4,06ed5d07cb18c6a7870df78cfd07371b0af36152,2024-04-09T23:28:33-07:00,2026-09-23T19:58:11-0700,11,0.0,212,653.0,774,4.6,4.811,657,2.0153,33,4.5,61,326.0,4,37,0,96,102,14.8558,4,27,0,112,96,18676,16088,<null>=12;css=11164;js=2416;py=2466;web=30,0.0,571.0,23.1549,332.0,77.0,22,128.0,2466.0,5.0,,ok,0,4.0,4,37,0,96,0.2,206,1.0,102,19,16,0.2,983,1.0,2893.0,239,16,22,0,128.0,4.3047,28.0,67.453,2458.0,331.0,13.4662,5.1,5.1,0.0,9.0,20.0,213.0,0.0,
2023,COSC-499-W2023,year-long-project-team-5,,2023-t5,b31d512b46c737d10ada0029f9eceb5bda29edc0,2024-04-07T23:59:17-07:00,2026-09-23T19:58:11-0700,1,0.0,90,432.0,348,3.8,3.9009,889,1.9036,75,16.6,103,467.0,13,21,5,26,29,10.2007,13,0,5,47,26,11016,8921,css=801;js=6720;json=375;web=1025,,,,,,0,,,3.0,,ok,0,1.0,13,21,5,26,0.2,87,1.0,29,8,0,0.2,450,1.0,1648.0,91,0,0,0,,,,,,,,,,,,,,,no tracked Python files
2023,COSC-499-W2023,year-long-project-team-6,,2023-t6,85acece8fa95bf7323a0480c02535b0149f672f3,2024-04-07T18:24:30-07:00,2026-09-23T19:58:13-0700,53,1.0,181,663.0,262,3.9,4.0451,953,1.6403,16,7.0,69,581.0,1,13,0,137,140,38.1349,1,11,0,138,97,7605,6477,css=1605;docker=6;js=4691;php=38;py=117;web=20,0.0,35.0,29.9145,12.0,11.0,2,4.0,117.0,4.0,,ok,0,5.0,1,13,0,137,0.4,171,1.0,140,108,13,0.4,747,1.0,2223.0,247,13,2,0,4.0,4.5,7.0,75.7407,117.0,27.0,23.0769,6.85,6.85,0.0,0.0,4.0,0.0,0.0,
2023,COSC-499-W2023,year-long-project-team-7,,2023-t7,ba7bbb2b8d1fbead2e70b2579f6dc66bb90798ba,2024-04-15T18:06:05-07:00,2026-09-23T19:58:19-0700,23,84.0,126,526.0,302,4.7,4.9082,368,2.7059,2,0.6,86,136.0,1,46,0,100,80,28.1164,1,46,0,78,48,7289,6153,css=633;docker=5;js=156;py=4083;web=1276,84.0,256.0,6.2699,294.0,112.0,60,109.0,4083.0,4.0,,ok,0,5.0,1,46,0,100,0.5,140,1.0,80,79,24,0.5,871,1.0,1817.0,173,24,60,0,189.0,2.5661,42.0,90.8781,4061.0,215.0,5.2943,6.58,6.58,0.0,1.0,2.0,20.0,0.0,
2023,COSC-499-W2023,year-long-project-team-8,,2023-t8,b6e194eabf4dea90d67301853e21058674123da7,2024-04-07T22:38:28-07:00,2026-09-23T19:58:20-0700,10,87.0,290,826.0,1172,7.0,7.5215,1496,1.6961,79,9.0,213,882.0,3,3,8,150,150,19.9589,3,2,8,148,150,18336,15582,js=13651;py=1801;ts=118;web=12,87.0,296.0,16.4353,141.0,45.0,88,88.0,1801.0,3.0,,ok,0,5.0,3,3,8,150,0.3,285,1.0,150,15,15,0.3,1326,1.0,4139.0,311,11,88,0,164.0,1.7317,6.0,96.2835,1776.0,223.0,12.5563,3.22,3.22,0.0,0.0,9.0,29.0,0.0,
2023,COSC-499-W2023,year-long-project-team-9,,2023-t9,baa321ed6e2bf497cfb8edf1bec516a6e56577e4,2024-04-12T11:35:59-07:00,2026-09-23T19:58:25-0700,18,0.0,573,795.0,479,2.5,2.5314,1780,1.7265,121,18.6,307,1031.0,2,16,9,402,210,31.762,2,15,9,199,376,21099,18922,css=200;docker=13;js=1537;py=302;ts=16870,0.0,39.0,12.9139,34.0,34.0,1,14.0,302.0,3.0,,ok,0,4.0,2,16,9,402,0.4,572,1.0,210,61,10,0.4,2008,1.0,3157.0,601,10,1,0,14.0,2.7857,7.0,44.796,303.0,24.0,7.9208,7.89,7.89,0.0,0.0,7.0,2.0,0.0,
2024,COSC-499-W2024,Capstone-Team16-003,003,2024-t16-003,c63f777511bafce82b3dee4c674b260cb410061b,2025-04-07T00:29:53-07:00,2026-09-23T20:01:07-0700,11,21.0,160,1166.0,332,3.5,3.5927,1613,2.0012,39,10.9,135,806.0,0,6,6,123,72,19.0456,0,5,6,45,120,10927,9241,css=1534;docker=58;js=7630;web=19,,,,,,0,,,4.0,,ok,0,3.0,0,6,6,123,0.2,159,1.0,72,54,5,0.2,673,1.0,3751.0,176,5,0,0,,,,,,,,,,,,,,,no tracked Python files
2024,COSC-499-W2024,capstone-project-best-looking-project-team-9-002,002,2024-t9-002,d99dd187956fa1ec94945fd192e70220f42411e4,2025-04-09T23:50:53-07:00,2026-09-23T20:00:47-0700,8,0.0,106,486.0,890,14.5,16.9459,792,1.7445,25,9.0,73,454.0,6,8,0,54,70,24.5621,6,8,0,50,65,8116,5252,<null>=22;css=3;docker=16;ipynb=395;js=4444;py=359;web=13,0.0,139.0,38.7187,36.0,12.0,10,19.0,359.0,5.0,,ok,0,5.0,6,8,0,54,0.3,105,1.0,70,19,16,0.3,514,1.0,2495.0,129,15,10,0,19.0,1.6316,4.0,87.3616,359.0,72.0,20.0557,6.73,6.73,0.0,0.0,0.0,0.0,0.0,
2024,COSC-499-W2024,capstone-project-fellas2-002-team-1,002,2024-t1-002,ab8aff93fd9c0928a11b9d2fdf39df391807beea,2025-04-07T11:45:28-07:00,2026-09-23T20:00:53-0700,4,6.0,304,1481.0,2068,7.8,8.4161,3231,1.6067,62,3.3,245,2011.0,0,16,2,148,192,13.3892,0,16,2,125,186,30228,24572,<null>=22;css=101;docker=40;js=37;ts=24372,,,,,,0,,,3.0,,ok,0,4.0,0,16,2,148,0.3,295,1.0,192,48,21,0.3,2113,1.0,7895.0,329,21,0,0,,,,,,,,,,,,,,,no tracked Python files
2024,COSC-499-W2024,capstone-project-group-11-002,002,2024-t11-002,697003c9e56b3025b72b01b8c53bd8757b5b2b28,2025-04-08T16:19:06-07:00,2026-09-23T20:00:56-0700,34,68.0,436,1159.0,1932,8.7,9.4757,1854,1.9702,303,19.5,150,941.0,3,117,0,244,171,23.4931,3,47,0,216,213,24875,20389,<null>=8;css=3686;docker=20;js=10506;py=6168;web=1,68.0,1044.0,16.9261,538.0,82.0,51,267.0,6168.0,5.0,,ok,0,5.0,3,117,0,244,0.4,434,1.0,171,101,9,0.4,2368,1.0,6341.0,479,9,51,0,303.0,3.6832,22.0,71.1777,6161.0,633.0,10.2743,6.0,6.0,0.0,0.0,0.0,471.0,0.0,
2024,COSC-499-W2024,capstone-project-shingetsu-team-8-003,003,2024-t8-003,283fa94d7c991b012a87dfa2bf376d6525d262a9,2025-04-06T23:11:43-07:00,2026-09-23T20:00:58-0700,16,15.0,111,938.0,1338,10.1,11.2598,1443,2.0042,11,1.9,98,720.0,1,36,1,56,79,14.1378,1,23,1,91,52,15312,11883,docker=23;js=7456;py=4227;web=177,14.0,915.0,21.6466,592.0,92.0,49,198.0,4227.0,4.0,,ok,0,5.0,1,36,1,56,0.1,90,1.0,79,46,41,0.2,562,1.0,5180.0,168,41,49,0,210.0,3.9762,32.0,76.7433,4229.0,660.0,15.6065,6.68,6.68,0.0,1.0,9.0,160.0,0.0,
2024,COSC-499-W2024,capstone-project-team-04-003,003,2024-t4-003,1ed7bdf803087c69e47c85fd87758ab12f87bd05,2025-04-06T23:54:49-07:00,2026-09-23T19:59:38-0700,28,135.0,260,369.0,569,3.5,3.6033,1223,1.3665,44,2.8,671,895.0,14,12,4,127,141,18.4282,14,12,4,128,133,41232,15791,css=3429;docker=18;js=77;ts=9203;web=3054;xml=10,,,,,,0,,,4.0,C# 64% not analysed (C# needs SonarScanner for .NET (not analysed by the CLI scanner)),ok,0,4.0,14,12,4,127,0.2,257,1.0,141,40,3,0.2,765,1.0,3007.0,291,3,0,0,,,,,,,,,,,,,,,no tracked Python files
2024,COSC-499-W2024,capstone-project-team-1-003,003,2024-t1-003,7d0b0d9ec46756f02ef885dde3eb912ee9b2c81a,2025-04-06T23:28:22-07:00,2026-09-23T19:59:32-0700,33,15.0,455,1776.0,2360,14.6,17.1076,2210,2.2189,62,6.0,155,996.0,0,88,4,221,221,36.535,0,84,4,206,210,20898,13795,<null>=14;css=48;docker=50;go=301;ipynb=2183;js=9846;py=1333;web=20,8.0,333.0,24.9812,227.0,87.0,11,62.0,1333.0,4.0,,ok,0,4.0,0,88,4,221,0.7,446,1.0,221,75,16,0.7,2938,1.0,7406.0,504,16,11,0,69.0,4.0435,18.0,68.256,1267.0,179.0,14.1279,5.18,5.18,0.0,0.0,3.0,14.0,0.0,
2024,COSC-499-W2024,capstone-project-team-10-002,002,2024-t10-002,2bc77f83dcb30b2385603adc04148b16ceacd4df,2025-04-10T02:28:30-04:00,2026-09-23T19:59:41-0700,54,156.0,476,873.0,792,2.9,2.9667,2300,1.4493,65,2.1,629,1587.0,32,27,1,184,323,21.0893,32,27,1,313,190,56658,26696,css=8676;docker=39;js=87;ts=13857;web=4027;xml=10,,,,,,0,,,5.0,C# 46% not analysed (C# needs SonarScanner for .NET (not analysed by the CLI scanner)),ok,0,5.0,32,27,1,184,0.2,464,1.0,323,71,33,0.2,1999,1.0,5195.0,563,33,0,0,,,,,,,,,,,,,,,no tracked Python files
2024,COSC-499-W2024,capstone-project-team-11-003,003,2024-t11-003,e2728bc2f21fd6edf15b2e430229093600aed2aa,2025-04-07T00:05:36-07:00,2026-09-23T19:59:44-0700,46,55.0,211,384.0,739,5.5,5.8558,1153,1.3892,44,3.6,320,830.0,12,47,0,88,143,21.87,12,31,0,140,93,23146,12620,css=2905;js=104;ts=6661;web=2940;xml=10,,,,,,0,,,4.0,C# 41% not analysed (C# needs SonarScanner for .NET (not analysed by the CLI scanner)),ok,0,3.0,12,47,0,88,0.2,229,1.0,143,67,19,0.2,756,1.0,2534.0,276,19,0,0,,,,,,,,,,,,,,,no tracked Python files
2024,COSC-499-W2024,capstone-project-team-12-003,003,2024-t12-003,fa0ada75e118044031920d5ad872d647a91ecca3,2025-04-11T21:13:34-07:00,2026-09-23T19:59:50-0700,13,9.0,91,322.0,651,9.7,10.7426,821,1.3661,18,5.1,86,601.0,3,17,0,25,79,19.967,3,3,0,77,38,8244,6060,css=456;docker=14;js=3792;py=783;web=1015,9.0,153.0,19.5402,89.0,13.0,16,49.0,783.0,4.0,,ok,0,5.0,3,17,0,25,0.2,87,1.0,79,20,17,0.2,418,1.0,3206.0,121,17,16,100,58.0,1.8966,8.0,77.2584,785.0,144.0,18.3439,6.32,6.32,0.0,0.0,7.0,7.0,0.0,100 vendored .py file(s) excluded
2024,COSC-499-W2024,capstone-project-team-13-youry-1-003,003,2024-t13-003,c7574238609e910bdf27e20180bf3ab638f7c249,2025-04-06T19:36:44-07:00,2026-09-23T20:00:39-0700,38,93.0,256,397.0,1145,6.7,7.1562,1425,1.3755,12,1.1,410,1036.0,12,8,0,114,172,19.0,12,8,0,163,121,27353,16000,css=5675;docker=28;js=128;ts=8333;web=1826;xml=10,,,,,,0,,,3.0,C# 38% not analysed (C# needs SonarScanner for .NET (not analysed by the CLI scanner)),ok,0,5.0,12,8,0,114,0.2,246,1.0,172,53,10,0.2,950,1.0,3405.0,304,10,0,0,,,,,,,,,,,,,,,no tracked Python files
2024,COSC-499-W2024,capstone-project-team-15-003-,003,2024-t15-003,6d6a1de6456c3569636b98098b2d5a8a9277fe5b,2025-04-06T23:12:15-07:00,2026-09-23T20:00:45-0700,27,59.0,195,235.0,672,4.7,4.9848,1088,1.3634,6,0.5,355,798.0,12,5,0,89,147,17.8028,12,5,0,133,90,24982,13481,css=4664;docker=26;js=64;ts=6449;web=2235;xml=43,,,,,,0,,,4.0,C# 44% not analysed (C# needs SonarScanner for .NET (not analysed by the CLI scanner)),ok,0,5.0,12,5,0,89,0.1,191,1.0,147,44,18,0.2,610,1.0,2692.0,240,18,0,0,,,,,,,,,,,,,,,no tracked Python files
2024,COSC-499-W2024,capstone-project-team-2-002,002,2024-t2-002,9e62a1023c86501a6a233fc574337843779b1eef,2025-04-06T19:54:54-07:00,2026-09-23T19:59:53-0700,8,22.0,236,1637.0,1786,11.6,13.1478,2126,1.8915,44,4.8,114,1124.0,7,45,7,68,142,18.9929,7,43,7,92,109,17874,13584,css=80;docker=24;js=149;py=5764;ts=7567,22.0,1175.0,20.3851,921.0,121.0,67,360.0,5764.0,4.0,,ok,0,5.0,7,45,7,68,0.4,229,1.0,142,27,14,0.4,1792,1.0,6977.0,258,14,67,0,378.0,3.5582,23.0,70.1703,5665.0,1046.0,18.4643,5.79,5.79,0.0,0.0,2.0,323.0,0.0,
2024,COSC-499-W2024,capstone-project-team-2-003-1,003,2024-t2-003,93dd67bd92ddd7b31112852adeb261c15879c116,2025-04-06T23:56:54-07:00,2026-09-23T20:07:37-0700,1,9.0,207,922.0,867,6.2,6.6366,1681,1.7902,64,5.9,105,939.0,4,8,1,103,127,16.3809,4,8,1,81,120,15554,13064,css=194;docker=9;js=3326;ts=9535,,,,,,0,,,3.0,build/ not excluded (source code lives there),ok,0,4.0,4,8,1,103,0.3,193,1.0,127,44,6,0.3,1222,1.0,3863.0,214,6,0,0,,,,,,,,,,,,,,,no tracked Python files
2024,COSC-499-W2024,capstone-project-team-3-002,002,2024-t3-002,28889e5e1af2bc84216a0fc8b4f770523079e2c5,2025-04-09T21:23:53-07:00,2026-09-23T19:59:57-0700,11,4.0,194,1648.0,1624,7.3,7.8762,2239,1.9487,21,2.5,179,1149.0,18,11,0,113,128,10.7668,18,11,0,74,119,24810,20619,css=205;docker=49;js=9072;ts=11293,,,,,,0,,,4.0,,ok,0,4.0,18,11,0,113,0.2,169,1.0,128,87,17,0.2,1154,1.0,6898.0,222,17,0,0,,,,,,,,,,,,,,,no tracked Python files
2024,COSC-499-W2024,capstone-project-team-3-003,003,2024-t3-003,df83f8ce13ae6a305a91c8380190744c1c863284,2025-04-09T23:41:40-07:00,2026-09-23T20:00:00-0700,3,6.0,246,618.0,1226,8.9,9.8182,1366,1.5297,42,6.2,152,893.0,7,20,10,131,97,20.7416,7,20,10,92,130,15228,12487,css=79;docker=67;js=3397;ts=8944,,,,,,0,,,3.0,,ok,0,5.0,7,20,10,131,0.3,235,1.0,97,22,10,0.4,1405,1.0,4329.0,259,10,0,0,,,,,,,,,,,,,,,no tracked Python files
2024,COSC-499-W2024,capstone-project-team-4-002,002,2024-t4-002,b20a5766e5245a0777eb615582015404dcc88eac,2025-04-09T09:44:48-07:00,2026-09-23T20:00:03-0700,5,16.0,151,775.0,1457,15.6,18.4384,1328,1.4788,40,9.7,64,898.0,3,15,0,69,120,23.6649,3,11,0,82,91,10864,7902,css=1319;docker=23;js=4449;py=2111,16.0,523.0,24.775,321.0,81.0,29,140.0,2111.0,4.0,,ok,0,5.0,3,15,0,69,0.2,125,1.0,120,53,31,0.3,708,1.0,4544.0,187,31,29,0,156.0,2.2756,32.0,79.3667,2112.0,505.0,23.911,7.09,7.09,0.0,0.0,3.0,33.0,0.0,
2024,COSC-499-W2024,capstone-project-team-5-002,002,2024-t5-002,29e4b44d36bb0068990217dba39e2dbdee9508f7,2025-04-09T20:56:23-07:00,2026-09-23T20:00:08-0700,21,55.0,445,1796.0,2024,12.6,14.419,2203,1.8733,95,12.4,106,1176.0,5,50,0,131,366,37.1874,5,50,0,344,123,19660,14037,css=1221;docker=14;ipynb=392;js=6519;py=5871;web=20,45.0,1292.0,22.0065,857.0,216.0,35,294.0,5871.0,5.0,,ok,0,4.0,5,50,0,131,0.6,444,1.0,366,57,58,0.6,2372,1.0,8096.0,522,56,35,0,331.0,3.1692,65.0,64.9472,5886.0,1119.0,19.0112,4.89,4.89,0.0,0.0,2.0,83.0,0.0,
2024,COSC-499-W2024,capstone-project-team-5-003,003,2024-t5-003,6ee182a67e76e25c0066d7bccc8ba0638c7c57e3,2026-02-24T08:48:29-08:00,2026-09-23T20:00:11-0700,40,6.0,347,1330.0,804,5.5,5.7663,1829,1.7174,123,1.8,111,1065.0,9,42,2,198,210,29.0468,9,28,2,186,180,139524,13943,css=3636;docker=21;js=9458;py=612;web=216,1.0,95.0,15.5229,98.0,34.0,7,15.0,612.0,4.0,,ok,0,4.0,9,42,2,198,0.4,329,1.0,210,117,18,0.5,1936,1.0,4291.0,405,18,7,0,15.0,5.9333,22.0,66.8536,603.0,92.0,15.257,6.44,6.44,0.0,0.0,2.0,4.0,0.0,
2024,COSC-499-W2024,capstone-project-team-6-003,003,2024-t6-003,390cfaf2f11707453467f54e18799a7cb21986f0,2025-04-09T12:31:34-07:00,2026-09-23T20:00:14-0700,18,112.0,422,462.0,1049,7.9,8.578,1310,1.5057,6,0.8,510,870.0,16,13,0,307,131,37.3702,16,13,0,113,315,30127,12229,<null>=10;css=1967;docker=20;js=78;ts=8644;web=1500;xml=10,,,,,,0,,,4.0,C# 55% not analysed (C# needs SonarScanner for .NET (not analysed by the CLI scanner)),ok,0,5.0,16,13,0,307,0.3,418,1.0,131,35,17,0.3,998,1.0,3266.0,457,17,0,0,,,,,,,,,,,,,,,no tracked Python files
2024,COSC-499-W2024,capstone-project-team-7-1,002,2024-t7-002,02b8f9ea1bd0c404572bc0e15293263589af9d6a,2025-04-10T00:14:42-07:00,2026-09-23T20:00:20-0700,21,0.0,486,2344.0,1952,8.1,8.833,3257,2.2478,37,2.8,174,1449.0,6,22,1,257,300,23.8472,6,22,1,253,245,26600,22099,css=628;docker=76;js=4154;py=415;ts=16826,0.0,155.0,37.3494,38.0,10.0,5,35.0,415.0,4.0,,ok,0,5.0,6,22,1,257,0.4,462,1.0,300,109,20,0.4,2983,1.0,6462.0,527,20,5,0,35.0,1.6,4.0,73.9842,415.0,126.0,30.3614,6.6,6.6,0.0,0.0,0.0,25.0,0.0,
2024,COSC-499-W2024,capstone-project-team-8-002,002,2024-t8-002,1f92ec9343cf3aa0591796167fdd9d5553962cbb,2025-04-09T23:38:16-07:00,2026-09-23T20:00:24-0700,8,49.0,128,388.0,875,18.7,23.0324,678,1.7035,18,6.9,84,398.0,1,21,1,50,74,37.3783,1,10,1,60,70,8594,3799,css=161;docker=12;ipynb=33;js=2102;py=1491,15.0,330.0,22.1328,275.0,30.0,28,140.0,1491.0,5.0,,ok,0,4.0,1,21,1,50,0.6,125,1.0,74,19,8,0.6,685,1.0,2730.0,142,6,28,0,155.0,2.0452,26.0,67.6324,1501.0,207.0,13.7908,6.18,6.18,0.0,0.0,0.0,28.0,0.0,
2024,COSC-499-W2024,capstone-project-team-9-Order-Of-Aesthetics,,2024-t9,dfda5644aa460b7f0a9305672646497a7fdbf43a,2025-04-07T14:57:28-07:00,2026-09-23T20:01:06-0700,10,45.0,129,559.0,1272,16.0,19.0476,857,1.9433,66,16.7,130,441.0,1,29,0,66,90,25.1572,1,21,0,93,53,9645,6678,<null>=16;css=74;ipynb=53;js=2674;py=3794;web=67,45.0,993.0,26.1729,610.0,25.0,86,287.0,3794.0,3.0,,ok,0,5.0,1,29,0,66,0.3,129,1.0,90,28,29,0.3,620,1.0,3998.0,168,29,86,0,329.0,2.0152,12.0,77.4182,3795.0,1088.0,28.6693,5.28,5.28,0.0,7.0,24.0,76.0,0.0,
2024,COSC-499-W2024,capstone-project-team10-003,003,2024-t10-003,a0c10bad782b894f7e07e04301be4196e871a2fc,2025-04-06T23:05:17-07:00,2026-09-23T20:00:25-0700,53,108.0,368,437.0,1224,6.4,6.881,1671,1.3541,21,0.8,488,1234.0,14,10,0,163,254,24.286,14,10,0,247,161,50587,17788,css=5198;docker=41;js=79;ts=9943;web=2517;xml=10,,,,,,0,,,4.0,C# 35% not analysed (C# needs SonarScanner for .NET (not analysed by the CLI scanner)),ok,0,5.0,14,10,0,163,0.3,361,1.0,254,93,11,0.3,1392,1.0,4160.0,432,11,0,0,,,,,,,,,,,,,,,no tracked Python files
2024,COSC-499-W2024,capstone-project-team_6_section_002,002,2024-t6-002,a8599823a28f9bcb94fce002ecf5ee68d9c32612,2025-04-09T22:36:42-07:00,2026-09-23T20:00:35-0700,5,31.0,108,612.0,647,5.5,5.8063,1236,1.5297,28,4.3,144,808.0,3,42,0,84,35,13.6409,3,42,0,27,80,13368,11143,css=123;docker=26;js=106;py=3673;ts=7197;web=18,28.0,388.0,10.5636,394.0,52.0,59,229.0,3673.0,3.0,,ok,0,5.0,3,42,0,84,0.2,108,1.0,35,19,39,0.2,754,1.0,4210.0,152,39,59,0,255.0,1.898,16.0,73.6253,3677.0,187.0,5.0857,7.42,7.42,0.0,0.0,0.0,29.0,0.0,
2024,COSC-499-W2024,capstone-project-team_7_003,003,2024-t7-003,d6696413fc6a28679e38e95fbac318a8dd55c816,2025-04-09T22:31:02-07:00,2026-09-23T20:00:35-0700,9,2.0,236,1086.0,263,1.5,1.5403,2236,1.9359,96,7.6,176,1155.0,8,12,0,145,144,14.9927,8,8,0,129,111,19434,17075,css=347;docker=40;js=656;ts=15938;web=88;xml=6,,,,,,0,,,4.0,,ok,0,5.0,8,12,0,145,0.2,234,1.0,144,83,11,0.2,1117,1.0,4542.0,256,11,0,0,,,,,,,,,,,,,,,no tracked Python files
2025,COSC-499-W2025,capstone-project-team-1,,2025-t1,c1f6d7fe510300cf2f24cff50a95367b9264c32f,2026-04-05T22:46:09-07:00,2026-09-23T20:01:09-0700,3,222.0,1640,3912.0,3350,8.3,9.0729,5146,2.265,87,4.0,282,2272.0,0,171,1,1320,1293,44.6605,0,79,1,1379,190,47492,36923,js=2;py=23672;ts=13249,220.0,2963.0,12.5169,2895.0,169.0,215,1337.0,23672.0,3.0,,ok,0,4.0,0,171,1,1320,0.8,1633,1.0,1293,1153,6,0.8,8916,1.0,17772.0,1649,6,215,0,1455.0,3.7849,70.0,63.6955,23702.0,1245.0,5.2527,8.35,8.35,0.0,0.0,39.0,1975.0,0.0,
2025,COSC-499-W2025,capstone-project-team-10,,2025-t10,a3cd949246d1bf1af382eab84e57acaac6123077,2026-04-10T17:31:10-07:00,2026-09-23T20:02:25-0700,4,99.0,153,2127.0,1465,10.1,11.2381,2095,2.5674,22,6.3,106,816.0,0,60,3,34,60,12.0436,0,60,3,54,40,17298,13036,go=18;java=40;js=40;py=12849;rust=26;ts=19;web=44,91.0,1454.0,11.3161,2063.0,210.0,98,803.0,12849.0,3.0,,ok,0,1.0,0,60,3,34,0.4,152,1.0,60,5,0,0.4,1408,1.0,9227.0,157,0,99,0,841.0,3.8145,53.0,60.8098,12807.0,1083.0,8.4563,7.9,7.9,0.0,0.0,22.0,743.0,0.0,
2025,COSC-499-W2025,capstone-project-team-11,,2025-t11,33b89cc9dab9d269e1b301a9c28c87efd5a494a4,2026-03-29T22:46:59-07:00,2026-09-23T20:02:35-0700,9,63.0,317,4981.0,2483,8.3,8.9944,4750,3.3357,77,3.4,97,1424.0,1,178,1,73,89,11.8815,1,131,1,133,62,34313,27606,css=2739;docker=18;js=7558;py=17280;web=11,63.0,2258.0,13.0671,3056.0,496.0,65,723.0,17280.0,4.0,,ok,0,3.0,1,178,1,73,0.5,309,1.0,89,32,2,0.5,4013,1.0,13593.0,328,2,65,0,752.0,4.8418,108.0,56.7592,17280.0,1532.0,8.8657,8.09,8.09,0.0,0.0,44.0,232.0,0.0,
2025,COSC-499-W2025,capstone-project-team-12,,2025-t12,a0e99146da7c199f324669a79bacb8d253fe6db5,2026-03-29T23:07:46-07:00,2026-09-23T20:02:38-0700,17,95.0,401,2957.0,3383,13.4,15.5347,3739,1.8855,22,1.8,142,1983.0,0,112,3,171,161,19.6538,0,47,3,214,164,29146,21777,css=37;docker=48;js=22;py=13505;ts=8152;web=13,92.0,2922.0,21.6364,2009.0,103.0,80,992.0,13505.0,3.0,,ok,0,4.0,0,112,3,171,0.4,398,1.0,161,39,10,0.4,2536,1.0,12639.0,428,10,80,0,1061.0,3.869,54.0,53.6358,13495.0,1373.0,10.1741,5.67,5.67,0.0,3.0,8.0,1312.0,0.0,
2025,COSC-499-W2025,capstone-project-team-13,,2025-t13,13a169e0420d87f3841a7097a7cf441e45f99502,2026-03-29T23:53:20-07:00,2026-09-23T20:02:39-0700,42,174.0,1229,7295.0,7171,13.2,15.1735,9798,2.2909,214,5.5,260,4277.0,7,282,2,244,832,27.0207,7,189,2,711,368,63785,47260,css=4409;js=14051;py=28437;web=363,174.0,6649.0,23.3815,5269.0,414.0,173,1940.0,28437.0,5.0,,ok,0,4.0,7,282,2,244,0.6,1214,1.0,832,160,6,0.6,8323,1.0,27777.0,1277,6,173,0,2080.0,3.6332,65.0,60.5591,28464.0,2920.0,10.2586,6.9,6.9,0.0,3.0,6.0,1180.0,1.0,bandit skipped 1 file(s); radon could not parse 1 file(s)
2025,COSC-499-W2025,capstone-project-team-14,,2025-t14,d69f6eced6beb074f97008befb69856bb5b508a2,2026-03-29T23:49:56-07:00,2026-09-23T20:02:53-0700,35,206.0,630,6332.0,5232,11.1,12.5078,6788,2.8402,40,1.5,218,2390.0,4,254,6,169,272,16.065,4,144,6,377,141,55095,41830,css=2911;docker=26;java=2;js=7;kotlin=1;py=32314;ts=6553;web=16,204.0,4993.0,15.4515,5546.0,478.0,164,1811.0,32314.0,4.0,,ok,0,5.0,4,254,6,169,0.4,621,1.0,272,79,7,0.4,4607,1.0,23143.0,672,7,164,0,1900.0,4.8621,91.0,55.901,32288.0,1877.0,5.8133,7.04,7.04,0.0,2.0,209.0,2520.0,0.0,
2025,COSC-499-W2025,capstone-project-team-15,,2025-t15,228e5c564c1111c77669e2fa2fe89cf9c195ed72,2026-03-29T18:03:51-07:00,2026-09-23T20:02:56-0700,5,32.0,315,3141.0,1022,4.5,4.7212,3935,3.3095,13,1.2,78,1189.0,2,170,0,93,108,15.0136,2,79,0,186,58,26226,21647,<null>=61;css=1876;docker=8;js=6551;json=1;py=13110;web=40,32.0,859.0,6.5523,2176.0,562.0,41,501.0,13110.0,3.0,,ok,0,4.0,2,170,0,93,0.5,311,1.0,108,68,6,0.5,3239,1.0,9385.0,325,5,41,0,521.0,5.7735,112.0,59.0665,13147.0,525.0,3.9933,8.0,8.0,0.0,0.0,11.0,577.0,0.0,
2025,COSC-499-W2025,capstone-project-team-16,,2025-t16,9bddb299ba94f852d0b090b54494e1c778a36aa2,2026-03-29T23:53:01-07:00,2026-09-23T20:03:02-0700,10,16.0,205,3507.0,1364,12.2,13.9582,2334,4.2054,18,1.9,74,555.0,2,111,6,51,53,22.3086,2,71,6,86,53,13280,9772,css=309;docker=10;js=2131;py=7298;web=24,16.0,1333.0,18.2653,1615.0,386.0,54,334.0,7298.0,4.0,,ok,0,5.0,2,111,6,51,1.1,203,1.0,53,25,3,1.1,3161,1.0,6620.0,218,3,54,0,291.0,6.6495,82.0,67.0597,7268.0,789.0,10.8558,7.86,7.86,0.0,0.0,39.0,336.0,0.0,
2025,COSC-499-W2025,capstone-project-team-17-1,,2025-t17,bb0aa42319bd05ff1aef6a9119b901c2b368f9e3,2026-04-05T20:10:42-07:00,2026-09-23T20:03:11-0700,59,186.0,789,11934.0,2649,3.8,3.988,11107,3.4699,171,8.9,234,3201.0,36,340,1,212,292,13.0072,36,183,1,426,218,79540,66425,css=9555;docker=6;js=17693;py=33742;ts=2;web=803;xml=4624,185.0,1881.0,5.5747,6467.0,1334.0,151,1641.0,33742.0,5.0,,ok,0,5.0,36,340,1,212,0.6,775,1.0,292,105,16,0.6,12167,1.0,28758.0,864,16,151,0,1734.0,4.4585,449.0,55.3545,33781.0,1279.0,3.7862,8.36,8.36,0.0,0.0,35.0,558.0,0.0,
2025,COSC-499-W2025,capstone-project-team-18,,2025-t18,0e0c4f92cb3ae5dd95f59e3fdf1916e218e42547,2026-04-06T18:01:18Z,2026-09-23T20:03:14-0700,38,239.0,471,5554.0,5723,11.8,13.3793,6866,2.7719,81,4.0,253,2477.0,1,158,10,166,212,12.0164,1,112,10,240,151,56472,42775,css=243;docker=7;java=36;js=75;py=29153;ts=13243;web=18,235.0,5324.0,18.2623,4562.0,422.0,197,1533.0,29153.0,4.0,,ok,0,5.0,1,158,10,166,0.3,436,1.0,212,108,5,0.3,3767,1.0,20186.0,514,5,197,0,1676.0,4.4403,62.0,66.9675,29058.0,1588.0,5.4649,8.64,8.64,0.0,0.0,4.0,1495.0,0.0,
2025,COSC-499-W2025,capstone-project-team-19,,2025-t19,c0ec5f88fac4de9a784ff86bdc95360c3a6a5b88,2026-03-30T00:51:52-07:00,2026-09-23T20:03:15-0700,17,235.0,718,9996.0,7326,9.0,9.935,12521,2.435,138,2.9,579,5142.0,1,306,2,228,215,9.9811,1,207,2,311,215,95247,73739,css=1684;js=22;py=50707;ts=21313;web=13,234.0,7120.0,14.0415,8212.0,263.0,398,2722.0,50707.0,4.0,,ok,0,4.0,1,306,2,228,0.3,703,1.0,215,56,1,0.3,6204,1.0,38074.0,736,1,398,0,2756.0,4.6176,93.0,64.4133,50837.0,3480.0,6.8454,7.89,7.89,0.0,0.0,54.0,3603.0,0.0,
2025,COSC-499-W2025,capstone-project-team-2,,2025-t2,91400188e01713ae81b582d2506f39dc13371fb7,2026-03-29T23:53:56-07:00,2026-09-23T20:01:19-0700,12,209.0,457,4519.0,9220,24.3,32.1501,5311,2.4064,44,1.9,160,2207.0,0,188,0,125,203,16.4586,0,88,0,295,89,43735,28678,css=2810;java=183;js=6983;py=18702,202.0,7791.0,41.6586,3299.0,214.0,121,1285.0,18702.0,4.0,,ok,0,3.0,0,188,0,125,0.4,442,1.0,203,73,3,0.4,3558,1.0,17334.0,472,3,121,0,1355.0,3.2266,79.0,63.122,18640.0,1152.0,6.1803,8.15,8.15,0.0,0.0,20.0,415.0,0.0,
2025,COSC-499-W2025,capstone-project-team-20,,2025-t20,b61e3c34ed7e94a4e6a7bb2245ddb5593a162aa0,2026-04-05T20:21:30-07:00,2026-09-23T20:03:34-0700,13,278.0,338,3501.0,2700,9.9,10.9645,4712,2.2342,29,1.3,137,2109.0,7,110,0,53,196,14.4569,7,65,0,157,127,32408,24625,css=1126;docker=11;js=7180;py=15918;web=390,277.0,2511.0,15.7746,3222.0,473.0,102,1262.0,15918.0,4.0,,ok,0,3.0,7,110,0,53,0.3,321,1.0,196,40,5,0.4,2711,1.0,14729.0,356,5,102,0,1188.0,4.0808,64.0,60.7078,15897.0,1088.0,6.8441,7.55,7.55,0.0,5.0,17.0,1211.0,0.0,
2025,COSC-499-W2025,capstone-project-team-3,,2025-t3,22b9f56662d5af71c4aba97c659de4cd080b16e1,2026-04-01T16:55:39-07:00,2026-09-23T20:01:19-0700,136,100.0,6381,7806.0,23273,8.6,9.4505,42529,1.144,229,6.3,659,37176.0,23,307,290,1863,4099,26.5529,23,189,290,4180,1857,308534,246263,css=9442;docker=44;js=183871;py=29531;ts=22278;web=1097,97.0,5463.0,18.4992,4207.0,249.0,147,1573.0,29531.0,5.0,,ok,0,5.0,23,307,290,1863,0.5,6006,1.0,4099,603,22,0.6,41583,1.0,31767.0,6539,22,147,0,1617.0,4.6011,94.0,56.7362,29493.0,2535.0,8.5953,6.95,6.95,0.0,0.0,122.0,2392.0,0.0,
2025,COSC-499-W2025,capstone-project-team-4,,2025-t4,775f414e0cf419e9bd076652758dcd1c192d364f,2026-03-29T23:35:50-07:00,2026-09-23T20:01:23-0700,8,243.0,369,4840.0,5167,11.0,12.3639,6232,2.3254,78,6.2,304,2680.0,9,181,0,54,165,9.2364,9,122,0,178,77,54744,41791,css=166;docker=42;js=16379;json=152;py=23844;web=463;yaml=745,241.0,4638.0,19.4514,3673.0,298.0,158,1149.0,23844.0,5.0,,ok,0,5.0,9,181,0,54,0.2,359,1.0,165,46,9,0.3,3240,1.0,17309.0,386,9,158,0,1333.0,4.0338,101.0,67.8948,23974.0,1604.0,6.6906,8.89,8.89,0.0,0.0,42.0,835.0,0.0,
2025,COSC-499-W2025,capstone-project-team-5,,2025-t5,c17085e474f4b46f2eb6a5273e3eea1b1719b840,2026-03-30T00:02:13-07:00,2026-09-23T20:01:34-0700,15,250.0,549,5222.0,6669,13.4,15.5025,7107,2.1976,66,3.0,258,3234.0,8,125,0,128,330,13.1802,8,124,0,130,305,59084,43019,css=129;docker=22;js=11815;py=31041;web=12,250.0,6194.0,19.9543,4309.0,395.0,185,1608.0,31041.0,5.0,,ok,0,5.0,8,125,0,128,0.3,533,1.0,330,60,3,0.3,4128,1.0,22792.0,567,3,185,0,1798.0,4.2169,53.0,58.5724,31067.0,1782.0,5.736,9.0,9.0,0.0,0.0,1.0,2370.0,0.0,
2025,COSC-499-W2025,capstone-project-team-6,,2025-t6,ab282000d68de5e15ff04179b69f358b5f9f60df,2026-06-16T09:51:11-04:00,2026-09-23T20:01:43-0700,54,304.0,647,9079.0,6853,11.1,12.4666,8945,2.7131,99,3.3,163,3297.0,7,194,0,137,400,12.8795,7,165,0,425,111,71879,54971,docker=52;java=128;js=18185;py=36576;web=30,286.0,6450.0,17.6345,5583.0,428.0,124,1758.0,36576.0,5.0,,ok,0,5.0,7,194,0,137,0.4,630,1.0,400,108,7,0.4,7277,1.0,29070.0,708,7,124,0,2017.0,4.9033,173.0,47.0226,36223.0,2990.0,8.2544,0.0,8.37,1.0,0.0,29.0,2758.0,0.0,pylint fatal in 1 file(s): demo_project/inefficient.py
2025,COSC-499-W2025,capstone-project-team-7,,2025-t7,285ac72497e483e8bb508805fc4840e82e509410,2026-04-06T16:14:05-07:00,2026-09-23T20:01:54-0700,14,640.0,1478,14951.0,9798,9.2,10.1576,17352,3.0314,329,11.1,505,5724.0,6,377,5,604,576,15.592,6,295,5,534,664,121453,96460,css=1185;docker=18;java=746;js=1522;py=50525;ts=42416;xml=48,599.0,8214.0,16.2573,8375.0,667.0,179,2543.0,50525.0,4.0,,ok,0,5.0,6,377,5,604,0.4,1443,1.0,576,125,12,0.4,12298,1.0,45527.0,1504,12,179,0,3007.0,4.5584,77.0,47.1682,50288.0,3542.0,7.0434,7.11,7.11,0.0,3.0,14.0,2930.0,0.0,
2025,COSC-499-W2025,capstone-project-team-8,,2025-t8,32b9bbc7d76eec7d5a21b1d016f05a9ac262f5e5,2026-03-29T23:47:40-07:00,2026-09-23T20:02:03-0700,26,278.0,391,5025.0,6533,14.0,16.328,6031,2.6733,39,2.0,290,2256.0,3,143,1,127,186,10.772,3,125,1,192,110,53896,40011,css=3198;docker=42;js=13615;py=23156,277.0,5730.0,24.7452,3642.0,260.0,185,1265.0,23156.0,5.0,,ok,0,5.0,3,143,1,127,0.3,356,1.0,186,99,14,0.3,4144,1.0,18844.0,431,14,185,0,1492.0,3.6602,152.0,73.1543,23239.0,2900.0,12.479,5.19,5.19,0.0,1.0,1.0,407.0,0.0,
2025,COSC-499-W2025,capstone-project-team-9,,2025-t9,5d47a8ffc8e90659e0fbceb637d9b2cb07a32de3,2026-04-07T13:09:03-07:00,2026-09-23T20:02:20-0700,21,228.0,561,4798.0,5517,13.0,14.9144,4609,2.4914,32,1.1,205,1850.0,6,291,0,132,170,15.8687,6,120,0,331,130,50005,36991,css=3393;docker=18;js=582;py=27761;web=5237,228.0,5249.0,18.9078,4427.0,171.0,190,1798.0,27761.0,5.0,,ok,0,3.0,6,291,0,132,0.5,558,1.0,170,57,5,0.5,5476,1.0,19884.0,587,5,190,0,1872.0,4.211,65.0,60.986,27749.0,2246.0,8.094,6.73,6.73,0.0,0.0,17.0,2215.0,0.0,
