cohort_year,org,repo,project_key,sq_ncloc,sq_lines,sq_statements,sq_functions,sq_classes,sq_files,sq_comment_lines,sq_comment_lines_density,sq_complexity,sq_cognitive_complexity,sq_duplicated_lines_density,sq_duplicated_blocks,sq_bugs,sq_vulnerabilities,sq_security_hotspots,sq_code_smells,sq_violations,sq_sqale_index,sq_sqale_debt_ratio,sq_sqale_rating,sq_reliability_rating,sq_security_rating,sq_software_quality_maintainability_issues,sq_software_quality_reliability_issues,sq_software_quality_security_issues,sq_software_quality_blocker_issues,sq_software_quality_high_issues,sq_software_quality_medium_issues,sq_software_quality_low_issues,sq_software_quality_info_issues,sq_software_quality_maintainability_rating,sq_software_quality_maintainability_debt_ratio,sq_ncloc_language_distribution,sq_analysis_date,sq_py_files,sq_py_file_complexity_max,sq_py_ncloc,sq_py_comment_lines,sq_py_complexity,sq_py_functions,sq_py_classes,sq_issues_sev_minor,sq_issues_sev_major,sq_issues_sev_critical,sq_issues_sev_blocker,sq_issues_sev_info,sq_issues_impact_high,sq_issues_impact_medium,sq_issues_impact_low,sq_issues_impact_info,sq_issues_impact_blocker
2023,COSC-499-W2023,year-long-project-team-1,cosc448_2023_year-long-project-team-1,12281,17002,3341,683,14,182,990,7.5,1315,706,1.8,11,6,13,0,335,354,2093,0.6,1,5,4,333,40,13,6,21,143,194,6,1,0.6,<null>=79;css=292;docker=75;js=360;py=945;ts=9875;web=92;yaml=563,2026-09-23T19:57:59-0700,13,53,945,472,198,107,12,197,133,12,6,6,21,143,194,6,6
2023,COSC-499-W2023,year-long-project-team-2,cosc448_2023_year-long-project-team-2,14362,15883,2,1,3,121,121,0.8,107,0,41.8,543,553,2,0,2192,2747,10960,2.5,1,3,3,2192,553,2,0,0,2746,1,0,1,2.5,css=343;java=13;kotlin=8;web=13858;xml=140,2026-09-23T19:57:59-0700,0,,,,,,,1,2746,0,0,0,0,2746,1,0,0
2023,COSC-499-W2023,year-long-project-team-3,cosc448_2023_year-long-project-team-3,12443,14904,4066,1026,2,193,629,4.8,1584,536,10.2,89,4,4,0,315,323,3813,1.0,1,3,4,314,12,4,10,6,162,142,9,1,1.0,<null>=75;css=92;js=33;py=63;ts=12167;web=13,2026-09-23T19:57:59-0700,1,4,63,23,4,3,2,148,152,4,10,9,6,162,142,9,10
2023,COSC-499-W2023,year-long-project-team-4,cosc448_2023_year-long-project-team-4,16088,18676,2893,326,0,61,774,4.6,657,653,4.5,33,11,16,0,212,239,983,0.2,1,5,4,206,19,16,4,37,102,96,0,1,0.2,<null>=12;css=11164;js=2416;py=2466;web=30,2026-09-23T19:58:11-0700,22,77,2466,571,332,128,0,96,112,27,4,0,37,102,96,0,4
2023,COSC-499-W2023,year-long-project-team-5,cosc448_2023_year-long-project-team-5,8921,11016,1648,467,0,103,348,3.8,889,432,16.6,75,1,0,0,90,91,450,0.2,1,3,1,87,8,0,13,21,29,26,5,1,0.2,css=801;js=6720;json=375;web=1025,2026-09-23T19:58:11-0700,0,,,,,,,26,47,0,13,5,21,29,26,5,13
2023,COSC-499-W2023,year-long-project-team-6,cosc448_2023_year-long-project-team-6,6477,7605,2223,581,1,69,262,3.9,953,663,7.0,16,53,13,0,181,247,747,0.4,1,4,5,171,108,13,1,13,140,137,0,1,0.4,css=1605;docker=6;js=4691;php=38;py=117;web=20,2026-09-23T19:58:13-0700,2,11,117,35,12,4,0,97,138,11,1,0,13,140,137,0,1
2023,COSC-499-W2023,year-long-project-team-7,cosc448_2023_year-long-project-team-7,6153,7289,1817,136,84,86,302,4.7,368,526,0.6,2,23,24,0,126,173,871,0.5,1,4,5,140,79,24,1,46,80,100,0,1,0.5,css=633;docker=5;js=156;py=4083;web=1276,2026-09-23T19:58:19-0700,60,112,4083,256,294,109,84,48,78,46,1,0,46,80,100,0,1
2023,COSC-499-W2023,year-long-project-team-8,cosc448_2023_year-long-project-team-8,15582,18336,4139,882,87,213,1172,7.0,1496,826,9.0,79,10,11,0,290,311,1326,0.3,1,3,5,285,15,15,3,3,150,150,8,1,0.3,js=13651;py=1801;ts=118;web=12,2026-09-23T19:58:20-0700,88,45,1801,296,141,88,87,150,148,2,3,8,3,150,150,8,3
2023,COSC-499-W2023,year-long-project-team-9,cosc448_2023_year-long-project-team-9,18922,21099,3157,1031,0,307,479,2.5,1780,795,18.6,121,18,10,0,573,601,2008,0.4,1,3,4,572,61,10,2,16,210,402,9,1,0.4,css=200;docker=13;js=1537;py=302;ts=16870,2026-09-23T19:58:25-0700,1,34,302,39,34,14,0,376,199,15,2,9,16,210,402,9,2
2023,COSC-499-W2023,year-long-project-team-10,cosc448_2023_year-long-project-team-10,8468,10296,2559,500,0,123,562,6.2,1018,565,21.6,76,21,12,0,184,217,990,0.4,1,3,5,162,75,12,5,18,101,123,0,1,0.3,<null>=17;css=74;js=4018;ts=4359,2026-09-23T19:58:28-0700,0,,,,,,,102,92,18,5,0,18,101,123,0,5
2023,COSC-499-W2023,year-long-project-team-11,cosc448_2023_year-long-project-team-11,3560,4339,1428,222,23,56,327,8.4,408,351,12.1,41,6,13,0,102,121,720,0.7,1,3,5,102,52,13,1,17,71,74,1,1,0.7,css=54;docker=14;js=2107;py=1302;web=83,2026-09-23T19:58:33-0700,26,88,1302,155,143,49,23,31,71,17,1,1,17,71,74,1,1
2023,COSC-499-W2023,year-long-project-team-12,cosc448_2023_year-long-project-team-12,20075,22182,2084,660,70,180,275,1.4,845,214,1.3,15,25,7,0,222,254,1300,0.2,1,3,4,210,55,7,4,13,77,140,35,1,0.2,css=1931;docker=34;java=2355;js=4522;web=10940;xml=249;yaml=44,2026-09-23T19:58:38-0700,0,,,,,,,127,77,11,4,35,13,77,140,35,4
2023,COSC-499-W2023,year-long-project-team-13,cosc448_2023_year-long-project-team-13,13647,40354,4546,419,65,165,1416,9.4,906,747,7.9,280,140,17,0,220,377,1121,0.3,1,4,5,178,208,17,5,26,176,194,0,1,0.2,css=5060;js=2655;py=3354;web=2578,2026-09-23T20:06:09-0700,46,65,3354,834,286,135,65,181,169,22,5,0,26,176,194,0,5
2023,COSC-499-W2023,year-long-project-team-14,cosc448_2023_year-long-project-team-14,15531,73183,,,,280,0,0.0,1,,0.1,4,10,0,0,5,15,25,0.0,1,3,1,5,12,0,0,0,12,3,0,1,0.0,web=15509;xml=22,2026-09-23T19:58:41-0700,0,,,,,,,3,12,0,0,0,0,12,3,0,0
2023,COSC-499-W2023,year-long-project-team-15,cosc448_2023_year-long-project-team-15,8138,8569,1186,309,0,54,180,2.2,635,248,63.1,24,1,0,0,24,25,150,0.1,1,3,1,24,5,0,6,11,7,4,0,1,0.1,css=87;js=7465;json=554;web=32,2026-09-23T19:58:48-0700,0,,,,,,,1,18,0,6,0,11,7,4,0,6
2023,COSC-499-W2023,year-long-project-team-16,cosc448_2023_year-long-project-team-16,8159,10279,1404,104,3,45,994,10.9,251,249,6.0,28,46,42,0,197,285,963,0.4,1,4,5,193,66,42,3,27,188,81,0,1,0.4,css=3835;docker=8;js=147;py=1552;web=2532;xml=85,2026-09-23T19:58:55-0700,6,185,1552,350,213,90,3,74,189,19,3,0,27,188,81,0,3
2023,COSC-499-W2023,year-long-project-team-17,cosc448_2023_year-long-project-team-17,14709,19878,3406,417,39,130,1217,7.6,897,939,12.5,104,42,40,0,229,311,1613,0.4,1,4,5,222,76,40,1,55,176,102,0,1,0.4,css=3833;js=2087;py=3077;web=5712,2026-09-23T19:58:58-0700,46,193,3077,795,377,193,39,92,179,39,1,0,55,176,102,0,1
2023,COSC-499-W2023,year-long-project-team-18,cosc448_2023_year-long-project-team-18,5021,6129,1405,369,24,107,206,3.9,536,231,0.6,2,48,15,0,200,263,686,0.5,1,4,5,198,69,15,14,48,106,114,0,1,0.4,css=1073;docker=6;js=349;php=144;py=411;ts=2427;web=605;xml=6,2026-09-23T19:59:07-0700,9,11,411,88,29,13,1,104,109,36,14,0,48,106,114,0,14
2023,COSC-499-W2023,year-long-project-team-19,cosc448_2023_year-long-project-team-19,14097,171711,1070,196,0,1211,272,1.9,362,164,1.7,30,8,24,0,119,151,1053,0.2,1,3,5,117,34,24,8,0,43,121,1,1,0.2,css=712;js=2832;php=215;web=454;xml=9884,2026-09-23T19:59:12-0700,0,,,,,,,119,23,0,8,1,0,43,121,1,8
2023,COSC-499-W2023,year-long-project-team-20,cosc448_2023_year-long-project-team-20,20136,21244,1672,449,0,101,256,1.3,842,343,30.7,406,13,0,0,154,167,576,0.1,1,4,1,153,24,0,0,61,36,78,0,1,0.1,css=597;js=19356;json=58;py=105;web=20,2026-09-23T19:59:16-0700,1,10,105,10,10,1,0,72,92,3,0,0,61,36,78,0,0
2023,COSC-499-W2023,year-long-project-team-21,cosc448_2023_year-long-project-team-21,10952,16145,4164,771,65,209,3320,23.3,1138,516,2.1,15,6,18,0,125,149,562,0.2,1,3,5,125,8,18,5,20,51,71,4,1,0.2,docker=15;java=138;js=74;py=2575;ts=8087;web=12;xml=51,2026-09-23T19:59:26-0700,61,48,2575,1280,227,142,59,71,49,20,5,4,20,51,71,4,5
2023,COSC-499-W2023,year-long-project-team-22,cosc448_2023_year-long-project-team-22,5565,6666,1413,396,31,77,270,4.6,520,367,13.1,76,16,13,0,177,206,930,0.6,1,4,5,172,41,13,1,20,98,97,1,1,0.5,<null>=13;css=1450;docker=6;java=1308;js=2504;py=112;web=20;xml=152,2026-09-23T19:59:30-0700,2,11,112,35,12,4,0,91,96,17,1,1,20,98,97,1,1
2024,COSC-499-W2024,capstone-project-team-1-003,cosc448_2024_capstone-project-team-1-003,13795,20898,7406,996,15,155,2360,14.6,2210,1776,6.0,62,33,16,0,455,504,2938,0.7,1,4,4,446,75,16,0,88,221,221,4,1,0.7,<null>=14;css=48;docker=50;go=301;ipynb=2183;js=9846;py=1333;web=20,2026-09-23T19:59:32-0700,11,87,1333,333,227,62,8,210,206,84,0,4,88,221,221,4,0
2024,COSC-499-W2024,capstone-project-team-04-003,cosc448_2024_capstone-project-team-04-003,15791,41232,3007,895,135,671,569,3.5,1223,369,2.8,44,28,3,0,260,291,765,0.2,1,4,4,257,40,3,14,12,141,127,4,1,0.2,css=3429;docker=18;js=77;ts=9203;web=3054;xml=10,2026-09-23T19:59:38-0700,0,,,,,,,133,128,12,14,4,12,141,127,4,14
2024,COSC-499-W2024,capstone-project-team-10-002,cosc448_2024_capstone-project-team-10-002,26696,56658,5195,1587,156,629,792,2.9,2300,873,2.1,65,54,33,0,476,563,1999,0.2,1,5,5,464,71,33,32,27,323,184,1,1,0.2,css=8676;docker=39;js=87;ts=13857;web=4027;xml=10,2026-09-23T19:59:41-0700,0,,,,,,,190,313,27,32,1,27,323,184,1,32
2024,COSC-499-W2024,capstone-project-team-11-003,cosc448_2024_capstone-project-team-11-003,12620,23146,2534,830,55,320,739,5.5,1153,384,3.6,44,46,19,0,211,276,756,0.2,1,4,3,229,67,19,12,47,143,88,0,1,0.2,css=2905;js=104;ts=6661;web=2940;xml=10,2026-09-23T19:59:44-0700,0,,,,,,,93,140,31,12,0,47,143,88,0,12
2024,COSC-499-W2024,capstone-project-team-12-003,cosc448_2024_capstone-project-team-12-003,6060,8244,3206,601,9,86,651,9.7,821,322,5.1,18,13,17,0,91,121,418,0.2,1,4,5,87,20,17,3,17,79,25,0,1,0.2,css=456;docker=14;js=3792;py=783;web=1015,2026-09-23T19:59:50-0700,16,13,783,153,89,49,9,38,77,3,3,0,17,79,25,0,3
2024,COSC-499-W2024,capstone-project-team-2-002,cosc448_2024_capstone-project-team-2-002,13584,17874,6977,1124,22,114,1786,11.6,2126,1637,4.8,44,8,14,0,236,258,1792,0.4,1,4,5,229,27,14,7,45,142,68,7,1,0.4,css=80;docker=24;js=149;py=5764;ts=7567,2026-09-23T19:59:53-0700,67,121,5764,1175,921,360,22,109,92,43,7,7,45,142,68,7,7
2024,COSC-499-W2024,capstone-project-team-2-003-1,cosc448_2024_capstone-project-team-2-003-1,13064,15554,3863,939,9,105,867,6.2,1681,922,5.9,64,1,6,0,207,214,1222,0.3,1,3,4,193,44,6,4,8,127,103,1,1,0.3,css=194;docker=9;js=3326;ts=9535,2026-09-23T20:07:37-0700,0,,,,,,,120,81,8,4,1,8,127,103,1,4
2024,COSC-499-W2024,capstone-project-team-3-002,cosc448_2024_capstone-project-team-3-002,20619,24810,6898,1149,4,179,1624,7.3,2239,1648,2.5,21,11,17,0,194,222,1154,0.2,1,4,4,169,87,17,18,11,128,113,0,1,0.2,css=205;docker=49;js=9072;ts=11293,2026-09-23T19:59:57-0700,0,,,,,,,119,74,11,18,0,11,128,113,0,18
2024,COSC-499-W2024,capstone-project-team-3-003,cosc448_2024_capstone-project-team-3-003,12487,15228,4329,893,6,152,1226,8.9,1366,618,6.2,42,3,10,0,246,259,1405,0.4,1,3,5,235,22,10,7,20,97,131,10,1,0.3,css=79;docker=67;js=3397;ts=8944,2026-09-23T20:00:00-0700,0,,,,,,,130,92,20,7,10,20,97,131,10,7
2024,COSC-499-W2024,capstone-project-team-4-002,cosc448_2024_capstone-project-team-4-002,7902,10864,4544,898,16,64,1457,15.6,1328,775,9.7,40,5,31,0,151,187,708,0.3,1,4,5,125,53,31,3,15,120,69,0,1,0.2,css=1319;docker=23;js=4449;py=2111,2026-09-23T20:00:03-0700,29,81,2111,523,321,140,16,91,82,11,3,0,15,120,69,0,3
2024,COSC-499-W2024,capstone-project-team-5-002,cosc448_2024_capstone-project-team-5-002,14037,19660,8096,1176,55,106,2024,12.6,2203,1796,12.4,95,21,56,0,445,522,2372,0.6,1,5,4,444,57,58,5,50,366,131,0,1,0.6,css=1221;docker=14;ipynb=392;js=6519;py=5871;web=20,2026-09-23T20:00:08-0700,35,216,5871,1292,857,294,45,123,344,50,5,0,50,366,131,0,5
2024,COSC-499-W2024,capstone-project-team-5-003,cosc448_2024_capstone-project-team-5-003,13943,139524,4291,1065,6,111,804,5.5,1829,1330,1.8,123,40,18,0,347,405,1936,0.5,1,4,4,329,117,18,9,42,210,198,2,1,0.4,css=3636;docker=21;js=9458;py=612;web=216,2026-09-23T20:00:11-0700,7,34,612,95,98,15,1,180,186,28,9,2,42,210,198,2,9
2024,COSC-499-W2024,capstone-project-team-6-003,cosc448_2024_capstone-project-team-6-003,12229,30127,3266,870,112,510,1049,7.9,1310,462,0.8,6,18,17,0,422,457,998,0.3,1,4,5,418,35,17,16,13,131,307,0,1,0.3,<null>=10;css=1967;docker=20;js=78;ts=8644;web=1500;xml=10,2026-09-23T20:00:14-0700,0,,,,,,,315,113,13,16,0,13,131,307,0,16
2024,COSC-499-W2024,capstone-project-team-7-1,cosc448_2024_capstone-project-team-7-1,22099,26600,6462,1449,0,174,1952,8.1,3257,2344,2.8,37,21,20,0,486,527,2983,0.4,1,4,5,462,109,20,6,22,300,257,1,1,0.4,css=628;docker=76;js=4154;py=415;ts=16826,2026-09-23T20:00:20-0700,5,10,415,155,38,35,0,245,253,22,6,1,22,300,257,1,6
2024,COSC-499-W2024,capstone-project-team-8-002,cosc448_2024_capstone-project-team-8-002,3799,8594,2730,398,49,84,875,18.7,678,388,6.9,18,8,6,0,128,142,685,0.6,1,5,4,125,19,8,1,21,74,50,1,1,0.6,css=161;docker=12;ipynb=33;js=2102;py=1491,2026-09-23T20:00:24-0700,28,30,1491,330,275,140,15,70,60,10,1,1,21,74,50,1,1
2024,COSC-499-W2024,capstone-project-team10-003,cosc448_2024_capstone-project-team10-003,17788,50587,4160,1234,108,488,1224,6.4,1671,437,0.8,21,53,11,0,368,432,1392,0.3,1,4,5,361,93,11,14,10,254,163,0,1,0.3,css=5198;docker=41;js=79;ts=9943;web=2517;xml=10,2026-09-23T20:00:25-0700,0,,,,,,,161,247,10,14,0,10,254,163,0,14
2024,COSC-499-W2024,capstone-project-team_6_section_002,cosc448_2024_capstone-project-team_6_section_002,11143,13368,4210,808,31,144,647,5.5,1236,612,4.3,28,5,39,0,108,152,754,0.2,1,3,5,108,19,39,3,42,35,84,0,1,0.2,css=123;docker=26;js=106;py=3673;ts=7197;web=18,2026-09-23T20:00:35-0700,59,52,3673,388,394,229,28,80,27,42,3,0,42,35,84,0,3
2024,COSC-499-W2024,capstone-project-team_7_003,cosc448_2024_capstone-project-team_7_003,17075,19434,4542,1155,2,176,263,1.5,2236,1086,7.6,96,9,11,0,236,256,1117,0.2,1,4,5,234,83,11,8,12,144,145,0,1,0.2,css=347;docker=40;js=656;ts=15938;web=88;xml=6,2026-09-23T20:00:35-0700,0,,,,,,,111,129,8,8,0,12,144,145,0,8
2024,COSC-499-W2024,capstone-project-team-13-youry-1-003,cosc448_2024_capstone-project-team-13-youry-1-003,16000,27353,3405,1036,93,410,1145,6.7,1425,397,1.1,12,38,10,0,256,304,950,0.2,1,3,5,246,53,10,12,8,172,114,0,1,0.2,css=5675;docker=28;js=128;ts=8333;web=1826;xml=10,2026-09-23T20:00:39-0700,0,,,,,,,121,163,8,12,0,8,172,114,0,12
2024,COSC-499-W2024,capstone-project-team-15-003-,cosc448_2024_capstone-project-team-15-003-,13481,24982,2692,798,59,355,672,4.7,1088,235,0.5,6,27,18,0,195,240,610,0.2,1,4,5,191,44,18,12,5,147,89,0,1,0.1,css=4664;docker=26;js=64;ts=6449;web=2235;xml=43,2026-09-23T20:00:45-0700,0,,,,,,,90,133,5,12,0,5,147,89,0,12
2024,COSC-499-W2024,capstone-project-best-looking-project-team-9-002,cosc448_2024_capstone-project-best-looking-project-team-9-002,5252,8116,2495,454,0,73,890,14.5,792,486,9.0,25,8,15,0,106,129,514,0.3,1,5,5,105,19,16,6,8,70,54,0,1,0.3,<null>=22;css=3;docker=16;ipynb=395;js=4444;py=359;web=13,2026-09-23T20:00:47-0700,10,12,359,139,36,19,0,65,50,8,6,0,8,70,54,0,6
2024,COSC-499-W2024,capstone-project-fellas2-002-team-1,cosc448_2024_capstone-project-fellas2-002-team-1,24572,30228,7895,2011,6,245,2068,7.8,3231,1481,3.3,62,4,21,0,304,329,2113,0.3,1,3,4,295,48,21,0,16,192,148,2,1,0.3,<null>=22;css=101;docker=40;js=37;ts=24372,2026-09-23T20:00:53-0700,0,,,,,,,186,125,16,0,2,16,192,148,2,0
2024,COSC-499-W2024,capstone-project-group-11-002,cosc448_2024_capstone-project-group-11-002,20389,24875,6341,941,68,150,1932,8.7,1854,1159,19.5,303,34,9,0,436,479,2368,0.4,1,5,5,434,101,9,3,117,171,244,0,1,0.4,<null>=8;css=3686;docker=20;js=10506;py=6168;web=1,2026-09-23T20:00:56-0700,51,82,6168,1044,538,267,68,213,216,47,3,0,117,171,244,0,3
2024,COSC-499-W2024,capstone-project-shingetsu-team-8-003,cosc448_2024_capstone-project-shingetsu-team-8-003,11883,15312,5180,720,15,98,1338,10.1,1443,938,1.9,11,16,41,0,111,168,562,0.2,1,4,5,90,46,41,1,36,79,56,1,1,0.1,docker=23;js=7456;py=4227;web=177,2026-09-23T20:00:58-0700,49,92,4227,915,592,198,14,52,91,23,1,1,36,79,56,1,1
2024,COSC-499-W2024,capstone-project-team-9-Order-Of-Aesthetics,cosc448_2024_capstone-project-team-9-Order-Of-Aesthetics,6678,9645,3998,441,45,130,1272,16.0,857,559,16.7,66,10,29,0,129,168,620,0.3,1,3,5,129,28,29,1,29,90,66,0,1,0.3,<null>=16;css=74;ipynb=53;js=2674;py=3794;web=67,2026-09-23T20:01:06-0700,86,25,3794,993,610,287,45,53,93,21,1,0,29,90,66,0,1
2024,COSC-499-W2024,Capstone-Team16-003,cosc448_2024_Capstone-Team16-003,9241,10927,3751,806,21,135,332,3.5,1613,1166,10.9,39,11,5,0,160,176,673,0.2,1,4,3,159,54,5,0,6,72,123,6,1,0.2,css=1534;docker=58;js=7630;web=19,2026-09-23T20:01:07-0700,0,,,,,,,120,45,5,0,6,6,72,123,6,0
2025,COSC-499-W2025,capstone-project-team-1,cosc448_2025_capstone-project-team-1,36923,47492,17772,2272,222,282,3350,8.3,5146,3912,4.0,87,3,6,0,1640,1649,8916,0.8,1,3,4,1633,1153,6,0,171,1293,1320,1,1,0.8,js=2;py=23672;ts=13249,2026-09-23T20:01:09-0700,215,169,23672,2963,2895,1337,220,190,1379,79,0,1,171,1293,1320,1,0
2025,COSC-499-W2025,capstone-project-team-2,cosc448_2025_capstone-project-team-2,28678,43735,17334,2207,209,160,9220,24.3,5311,4519,1.9,44,12,3,0,457,472,3558,0.4,1,4,3,442,73,3,0,188,203,125,0,1,0.4,css=2810;java=183;js=6983;py=18702,2026-09-23T20:01:19-0700,121,214,18702,7791,3299,1285,202,89,295,88,0,0,188,203,125,0,0
2025,COSC-499-W2025,capstone-project-team-3,cosc448_2025_capstone-project-team-3,246263,308534,31767,37176,100,659,23273,8.6,42529,7806,6.3,229,136,22,0,6381,6539,41583,0.6,1,5,5,6006,603,22,23,307,4099,1863,290,1,0.5,css=9442;docker=44;js=183871;py=29531;ts=22278;web=1097,2026-09-23T20:01:19-0700,147,249,29531,5463,4207,1573,97,1857,4180,189,23,290,307,4099,1863,290,23
2025,COSC-499-W2025,capstone-project-team-4,cosc448_2025_capstone-project-team-4,41791,54744,17309,2680,243,304,5167,11.0,6232,4840,6.2,78,8,9,0,369,386,3240,0.3,1,5,5,359,46,9,9,181,165,54,0,1,0.2,css=166;docker=42;js=16379;json=152;py=23844;web=463;yaml=745,2026-09-23T20:01:23-0700,158,298,23844,4638,3673,1149,241,77,178,122,9,0,181,165,54,0,9
2025,COSC-499-W2025,capstone-project-team-5,cosc448_2025_capstone-project-team-5,43019,59084,22792,3234,250,258,6669,13.4,7107,5222,3.0,66,15,3,0,549,567,4128,0.3,1,5,5,533,60,3,8,125,330,128,0,1,0.3,css=129;docker=22;js=11815;py=31041;web=12,2026-09-23T20:01:34-0700,185,395,31041,6194,4309,1608,250,305,130,124,8,0,125,330,128,0,8
2025,COSC-499-W2025,capstone-project-team-6,cosc448_2025_capstone-project-team-6,54971,71879,29070,3297,304,163,6853,11.1,8945,9079,3.3,99,54,7,0,647,708,7277,0.4,1,5,5,630,108,7,7,194,400,137,0,1,0.4,docker=52;java=128;js=18185;py=36576;web=30,2026-09-23T20:01:43-0700,124,428,36576,6450,5583,1758,286,111,425,165,7,0,194,400,137,0,7
2025,COSC-499-W2025,capstone-project-team-7,cosc448_2025_capstone-project-team-7,96460,121453,45527,5724,640,505,9798,9.2,17352,14951,11.1,329,14,12,0,1478,1504,12298,0.4,1,4,5,1443,125,12,6,377,576,604,5,1,0.4,css=1185;docker=18;java=746;js=1522;py=50525;ts=42416;xml=48,2026-09-23T20:01:54-0700,179,667,50525,8214,8375,2543,599,664,534,295,6,5,377,576,604,5,6
2025,COSC-499-W2025,capstone-project-team-8,cosc448_2025_capstone-project-team-8,40011,53896,18844,2256,278,290,6533,14.0,6031,5025,2.0,39,26,14,0,391,431,4144,0.3,1,5,5,356,99,14,3,143,186,127,1,1,0.3,css=3198;docker=42;js=13615;py=23156,2026-09-23T20:02:03-0700,185,260,23156,5730,3642,1265,277,110,192,125,3,1,143,186,127,1,3
2025,COSC-499-W2025,capstone-project-team-9,cosc448_2025_capstone-project-team-9,36991,50005,19884,1850,228,205,5517,13.0,4609,4798,1.1,32,21,5,0,561,587,5476,0.5,1,5,3,558,57,5,6,291,170,132,0,1,0.5,css=3393;docker=18;js=582;py=27761;web=5237,2026-09-23T20:02:20-0700,190,171,27761,5249,4427,1798,228,130,331,120,6,0,291,170,132,0,6
2025,COSC-499-W2025,capstone-project-team-10,cosc448_2025_capstone-project-team-10,13036,17298,9227,816,99,106,1465,10.1,2095,2127,6.3,22,4,0,0,153,157,1408,0.4,1,3,1,152,5,0,0,60,60,34,3,1,0.4,go=18;java=40;js=40;py=12849;rust=26;ts=19;web=44,2026-09-23T20:02:25-0700,98,210,12849,1454,2063,803,91,40,54,60,0,3,60,60,34,3,0
2025,COSC-499-W2025,capstone-project-team-11,cosc448_2025_capstone-project-team-11,27606,34313,13593,1424,63,97,2483,8.3,4750,4981,3.4,77,9,2,0,317,328,4013,0.5,1,4,3,309,32,2,1,178,89,73,1,1,0.5,css=2739;docker=18;js=7558;py=17280;web=11,2026-09-23T20:02:35-0700,65,496,17280,2258,3056,723,63,62,133,131,1,1,178,89,73,1,1
2025,COSC-499-W2025,capstone-project-team-12,cosc448_2025_capstone-project-team-12,21777,29146,12639,1983,95,142,3383,13.4,3739,2957,1.8,22,17,10,0,401,428,2536,0.4,1,3,4,398,39,10,0,112,161,171,3,1,0.4,css=37;docker=48;js=22;py=13505;ts=8152;web=13,2026-09-23T20:02:38-0700,80,103,13505,2922,2009,992,92,164,214,47,0,3,112,161,171,3,0
2025,COSC-499-W2025,capstone-project-team-13,cosc448_2025_capstone-project-team-13,47260,63785,27777,4277,174,260,7171,13.2,9798,7295,5.5,214,42,6,0,1229,1277,8323,0.6,1,5,4,1214,160,6,7,282,832,244,2,1,0.6,css=4409;js=14051;py=28437;web=363,2026-09-23T20:02:39-0700,173,414,28437,6649,5269,1940,174,368,711,189,7,2,282,832,244,2,7
2025,COSC-499-W2025,capstone-project-team-14,cosc448_2025_capstone-project-team-14,41830,55095,23143,2390,206,218,5232,11.1,6788,6332,1.5,40,35,7,0,630,672,4607,0.4,1,4,5,621,79,7,4,254,272,169,6,1,0.4,css=2911;docker=26;java=2;js=7;kotlin=1;py=32314;ts=6553;web=16,2026-09-23T20:02:53-0700,164,478,32314,4993,5546,1811,204,141,377,144,4,6,254,272,169,6,4
2025,COSC-499-W2025,capstone-project-team-15,cosc448_2025_capstone-project-team-15,21647,26226,9385,1189,32,78,1022,4.5,3935,3141,1.2,13,5,5,0,315,325,3239,0.5,1,3,4,311,68,6,2,170,108,93,0,1,0.5,<null>=61;css=1876;docker=8;js=6551;json=1;py=13110;web=40,2026-09-23T20:02:56-0700,41,562,13110,859,2176,501,32,58,186,79,2,0,170,108,93,0,2
2025,COSC-499-W2025,capstone-project-team-16,cosc448_2025_capstone-project-team-16,9772,13280,6620,555,16,74,1364,12.2,2334,3507,1.9,18,10,3,0,205,218,3161,1.1,1,4,5,203,25,3,2,111,53,51,6,1,1.1,css=309;docker=10;js=2131;py=7298;web=24,2026-09-23T20:03:02-0700,54,386,7298,1333,1615,334,16,53,86,71,2,6,111,53,51,6,2
2025,COSC-499-W2025,capstone-project-team-17-1,cosc448_2025_capstone-project-team-17-1,66425,79540,28758,3201,186,234,2649,3.8,11107,11934,8.9,171,59,16,0,789,864,12167,0.6,1,5,5,775,105,16,36,340,292,212,1,1,0.6,css=9555;docker=6;js=17693;py=33742;ts=2;web=803;xml=4624,2026-09-23T20:03:11-0700,151,1334,33742,1881,6467,1641,185,218,426,183,36,1,340,292,212,1,36
2025,COSC-499-W2025,capstone-project-team-18,cosc448_2025_capstone-project-team-18,42775,56472,20186,2477,239,253,5723,11.8,6866,5554,4.0,81,38,5,0,471,514,3767,0.3,1,4,5,436,108,5,1,158,212,166,10,1,0.3,css=243;docker=7;java=36;js=75;py=29153;ts=13243;web=18,2026-09-23T20:03:14-0700,197,422,29153,5324,4562,1533,235,151,240,112,1,10,158,212,166,10,1
2025,COSC-499-W2025,capstone-project-team-19,cosc448_2025_capstone-project-team-19,73739,95247,38074,5142,235,579,7326,9.0,12521,9996,2.9,138,17,1,0,718,736,6204,0.3,1,4,4,703,56,1,1,306,215,228,2,1,0.3,css=1684;js=22;py=50707;ts=21313;web=13,2026-09-23T20:03:15-0700,398,263,50707,7120,8212,2722,234,215,311,207,1,2,306,215,228,2,1
2025,COSC-499-W2025,capstone-project-team-20,cosc448_2025_capstone-project-team-20,24625,32408,14729,2109,278,137,2700,9.9,4712,3501,1.3,29,13,5,0,338,356,2711,0.4,1,4,3,321,40,5,7,110,196,53,0,1,0.3,css=1126;docker=11;js=7180;py=15918;web=390,2026-09-23T20:03:34-0700,102,473,15918,2511,3222,1262,277,127,157,65,7,0,110,196,53,0,7
